PassengerId,Pclass,Age,SibSp,Parch,Fare,Sex_male,Embarked_Q,Embarked_S,Survived
1.0,3.0,-0.5657364610748746,1.0,0.0,-0.7082483619415808,True,False,True,
2.0,1.0,0.6638610320657843,1.0,0.0,1.4924711247368585,False,False,False,
3.0,3.0,-0.2583370877897099,0.0,0.0,-0.685049719149347,False,False,True,
4.0,1.0,0.4333115021019107,1.0,0.0,0.86754092994571,False,False,True,
5.0,3.0,0.4333115021019107,0.0,0.0,-0.6807536741878222,True,False,True,
6.0,3.0,-0.10463740114712752,0.0,0.0,-0.6667210729254978,True,True,False,
7.0,1.0,1.893458525206443,0.0,0.0,0.8250100848266144,True,False,True,
8.0,3.0,-2.1027333275006983,3.0,1.0,-0.23310578919693978,True,False,True,
9.0,3.0,-0.1814872444684187,0.0,2.0,-0.5747857107488672,False,False,True,
10.0,2.0,-1.180535207645204,1.0,0.0,0.0760651009221374,False,False,False,
11.0,3.0,-1.949033640858116,1.0,1.0,-0.3834673628503072,False,False,True,
12.0,1.0,2.200857898491608,0.0,0.0,-0.044939019882154194,False,False,True,
13.0,3.0,-0.719436147717457,0.0,0.0,-0.6807536741878222,True,False,True,
14.0,3.0,0.7407108753870755,1.0,5.0,0.11745147966348257,True,False,True,
15.0,3.0,-1.180535207645204,0.0,0.0,-0.6874829990155547,False,False,True,
16.0,2.0,1.9703083685277343,0.0,0.0,-0.407525214634846,False,False,True,
17.0,3.0,-2.1027333275006983,4.0,1.0,0.043559506325256334,True,True,False,
18.0,2.0,-0.10463740114712752,0.0,0.0,-0.5106302937114408,True,False,True,
19.0,3.0,0.12591212881674602,1.0,0.0,-0.3387884952504494,False,False,True,
20.0,3.0,-0.10463740114712752,0.0,0.0,-0.7091075709338859,False,False,False,
21.0,2.0,0.4333115021019107,0.0,0.0,-0.06384161771286326,True,False,True,
22.0,2.0,0.35646165878061953,0.0,0.0,-0.5106302937114408,True,False,True,
23.0,3.0,-1.1036853643239128,0.0,0.0,-0.6814685360694199,False,True,False,
24.0,1.0,-0.10463740114712752,0.0,0.0,0.2626577993630203,True,False,True,
25.0,3.0,-1.6416342675729512,3.0,1.0,-0.23310578919693978,False,False,True,
26.0,3.0,0.6638610320657843,1.0,5.0,0.1213179201288549,False,False,True,
27.0,3.0,-0.10463740114712752,0.0,0.0,-0.7091075709338859,True,False,False,
28.0,1.0,-0.7962859910387481,3.0,2.0,2.894557571485825,True,False,True,
29.0,3.0,-0.10463740114712752,0.0,0.0,-0.6866237900232497,False,True,False,
30.0,3.0,-0.10463740114712752,0.0,0.0,-0.6860532752523592,True,False,True,
31.0,1.0,0.8175607187083667,0.0,0.0,-0.0047005443545284605,True,False,False,
32.0,1.0,-0.10463740114712752,1.0,0.0,2.894557571485825,False,False,False,
33.0,3.0,-0.10463740114712752,0.0,0.0,-0.6910641820954817,False,True,False,
34.0,2.0,2.8156566450619374,0.0,0.0,-0.5965511929419365,True,False,True,
35.0,1.0,-0.10463740114712752,1.0,0.0,1.8666566408856673,True,False,False,
36.0,1.0,0.9712604053509489,1.0,0.0,0.8297357342842918,True,False,True,
37.0,3.0,-0.10463740114712752,0.0,0.0,-0.7089632238231787,True,False,False,
38.0,3.0,-0.6425863043961658,0.0,0.0,-0.6807536741878222,True,False,True,
39.0,3.0,-0.8731358343600393,2.0,0.0,-0.3387884952504494,False,False,True,
40.0,3.0,-1.180535207645204,1.0,0.0,-0.571060180558233,False,False,False,
41.0,3.0,0.8175607187083667,1.0,0.0,-0.6317787616264398,False,False,True,
42.0,2.0,-0.1814872444684187,1.0,0.0,-0.23568341617385463,False,False,True,
43.0,3.0,-0.10463740114712752,0.0,0.0,-0.6860532752523592,True,False,False,
44.0,2.0,-2.025883484179407,1.0,2.0,0.47158993160383206,False,False,False,
45.0,3.0,-0.7962859910387481,0.0,0.0,-0.6866237900232497,False,True,False,
46.0,3.0,-0.10463740114712752,0.0,0.0,-0.6807536741878222,True,False,True,
47.0,3.0,-0.10463740114712752,1.0,0.0,-0.42470939448094513,True,True,False,
48.0,3.0,-0.10463740114712752,0.0,0.0,-0.6910641820954817,False,True,False,
49.0,3.0,-0.10463740114712752,2.0,0.0,-0.2123404262709135,True,False,False,
50.0,3.0,-0.8731358343600393,1.0,0.0,-0.34566216718888904,False,False,True,
51.0,3.0,-1.7184841108942424,4.0,1.0,0.4065753055741006,True,False,True,
52.0,3.0,-0.6425863043961658,0.0,0.0,-0.6893457641108718,True,False,True,
53.0,1.0,1.5092093085999871,1.0,0.0,1.6796377747846014,False,False,False,
54.0,2.0,-0.027787557825836348,1.0,0.0,-0.06384161771286326,False,False,True,
55.0,1.0,2.738806801740646,0.0,1.0,1.1727044693246769,True,False,False,
56.0,1.0,-0.10463740114712752,0.0,0.0,0.2626577993630203,True,False,True,
57.0,2.0,-0.6425863043961658,0.0,0.0,-0.5965511929419365,False,False,True,
58.0,3.0,-0.06621247948648194,0.0,0.0,-0.7089632238231787,True,False,False,
59.0,2.0,-1.8721837975368247,1.0,2.0,-0.0036969882515162904,False,False,True,
60.0,3.0,-1.4110847376090776,5.0,2.0,0.6544570998540805,True,False,True,
61.0,3.0,-0.5657364610748746,0.0,0.0,-0.7089632238231787,True,False,False,
62.0,1.0,0.6638610320657843,0.0,0.0,1.7920498056658432,False,False,True,
63.0,1.0,1.2018099353148226,1.0,0.0,1.911479855596232,True,False,True,
64.0,3.0,-1.949033640858116,3.0,2.0,0.0014582657023134015,True,False,True,
65.0,1.0,-0.10463740114712752,0.0,0.0,-0.0047005443545284605,True,False,False,
66.0,3.0,-0.10463740114712752,1.0,1.0,-0.43344583151470195,True,False,False,
67.0,2.0,-0.027787557825836348,0.0,0.0,-0.5965511929419365,False,False,True,
68.0,3.0,-0.7962859910387481,0.0,0.0,-0.6770315808331572,True,False,True,
69.0,3.0,-0.9499856776813305,4.0,2.0,-0.685049719149347,False,False,True,
70.0,3.0,-0.2583370877897099,2.0,0.0,-0.6597030538763509,True,False,True,
71.0,2.0,0.20276197213803718,0.0,0.0,-0.5965511929419365,True,False,True,
72.0,3.0,-1.0268355210026217,5.0,2.0,0.6544570998540805,False,False,True,
73.0,2.0,-0.6425863043961658,0.0,0.0,1.5686554676665545,True,False,True,
74.0,3.0,-0.2583370877897099,1.0,0.0,-0.46065182504704605,True,False,False,
75.0,3.0,0.20276197213803718,0.0,0.0,0.9842490057884768,True,False,True,
76.0,3.0,-0.33518693111100106,0.0,0.0,-0.6945010180647014,True,False,True,
77.0,3.0,-0.10463740114712752,0.0,0.0,-0.6860532752523592,True,False,True,
78.0,3.0,-0.10463740114712752,0.0,0.0,-0.6807536741878222,True,False,True,
79.0,2.0,-2.192647644186609,0.0,2.0,0.03926346136373155,True,False,True,
80.0,3.0,0.04906228549545483,0.0,0.0,-0.5286736825498449,False,False,True,
81.0,3.0,-0.5657364610748746,0.0,0.0,-0.6481037324802339,True,False,True,
82.0,3.0,-0.027787557825836348,0.0,0.0,-0.6309195526341347,True,False,True,
83.0,3.0,-0.10463740114712752,0.0,0.0,-0.6897753686070244,False,True,False,
84.0,1.0,-0.10463740114712752,0.0,0.0,0.6613307717925203,True,False,True,
85.0,2.0,-0.9499856776813305,0.0,0.0,-0.5965511929419365,False,False,True,
86.0,3.0,0.27961181545932834,3.0,0.0,-0.41268046858867574,False,False,True,
87.0,3.0,-1.0268355210026217,1.0,3.0,0.22399339470929724,True,False,True,
88.0,3.0,-0.10463740114712752,0.0,0.0,-0.6807536741878222,True,False,True,
89.0,1.0,-0.48888661775358344,3.0,2.0,2.894557571485825,False,False,True,
90.0,3.0,-0.41203677443229225,0.0,0.0,-0.6807536741878222,True,False,True,
91.0,3.0,-0.027787557825836348,0.0,0.0,-0.6807536741878222,True,False,True,
92.0,3.0,-0.719436147717457,0.0,0.0,-0.6874829990155547,True,False,True,
93.0,1.0,1.2786597786361138,1.0,0.0,1.1450654344602107,True,False,True,
94.0,3.0,-0.2583370877897099,1.0,2.0,-0.2502899690430389,True,False,True,
95.0,3.0,2.277707741812899,0.0,0.0,-0.7082483619415808,True,False,True,
96.0,3.0,-0.10463740114712752,0.0,0.0,-0.6807536741878222,True,False,True,
97.0,1.0,3.1999058616683933,0.0,0.0,0.2335890407353591,True,False,False,
98.0,1.0,-0.48888661775358344,0.0,1.0,1.2201018741761873,True,False,False,
99.0,2.0,0.35646165878061953,0.0,1.0,-0.1669466967894581,False,False,True,
100.0,2.0,0.35646165878061953,1.0,0.0,-0.06384161771286326,True,False,True,
101.0,3.0,-0.10463740114712752,0.0,0.0,-0.6860532752523592,False,False,True,
102.0,3.0,-0.10463740114712752,0.0,0.0,-0.6860532752523592,True,False,True,
103.0,1.0,-0.6425863043961658,0.0,1.0,1.6988256300007551,True,False,True,
104.0,3.0,0.27961181545932834,0.0,0.0,-0.659988311261796,True,False,True,
105.0,3.0,0.5870111887444931,2.0,0.0,-0.685049719149347,True,False,True,
106.0,3.0,-0.10463740114712752,0.0,0.0,-0.6860532752523592,True,False,True,
107.0,3.0,-0.6425863043961658,0.0,0.0,-0.6945010180647014,False,False,True,
108.0,3.0,-0.10463740114712752,0.0,0.0,-0.6902049731031766,True,False,True,
109.0,3.0,0.6638610320657843,0.0,0.0,-0.6860532752523592,True,False,True,
110.0,3.0,-0.10463740114712752,1.0,0.0,-0.12742308314343012,False,True,False,
111.0,1.0,1.3555096219574048,0.0,0.0,0.8297357342842918,True,False,True,
112.0,3.0,-1.1421102859845584,1.0,0.0,-0.46065182504704605,False,False,False,
113.0,3.0,-0.5657364610748746,0.0,0.0,-0.6807536741878222,True,False,True,
114.0,3.0,-0.719436147717457,1.0,0.0,-0.6197498357341703,False,False,True,
115.0,3.0,-0.9499856776813305,0.0,0.0,-0.46051091477230804,False,False,False,
116.0,3.0,-0.6425863043961658,0.0,0.0,-0.685049719149347,True,False,True,
117.0,3.0,3.1614809400077477,0.0,0.0,-0.6910641820954817,True,True,False,
118.0,2.0,-0.027787557825836348,1.0,0.0,-0.23568341617385463,True,False,True,
119.0,1.0,-0.41203677443229225,0.0,1.0,2.894557571485825,True,False,False,
120.0,3.0,-2.1027333275006983,4.0,2.0,0.11745147966348257,False,False,True,
121.0,2.0,-0.6425863043961658,2.0,0.0,1.5686554676665545,True,False,True,
122.0,3.0,-0.10463740114712752,0.0,0.0,-0.6807536741878222,True,False,True,
123.0,2.0,0.24118689379868277,1.0,0.0,0.0760651009221374,True,False,False,
124.0,2.0,0.24118689379868277,0.0,0.0,-0.5106302937114408,False,False,True,
125.0,1.0,1.893458525206443,0.0,1.0,1.6988256300007551,True,False,True,
126.0,3.0,-1.3342348942877864,1.0,0.0,-0.571060180558233,True,False,False,
127.0,3.0,-0.10463740114712752,0.0,0.0,-0.6910641820954817,True,True,False,
128.0,3.0,-0.41203677443229225,0.0,0.0,-0.7091075709338859,True,False,True,
129.0,3.0,-0.10463740114712752,1.0,1.0,-0.1890008732039417,False,False,False,
130.0,3.0,1.2018099353148226,0.0,0.0,-0.7091075709338859,True,False,True,
131.0,3.0,0.27961181545932834,0.0,0.0,-0.6860532752523592,True,False,False,
132.0,3.0,-0.719436147717457,0.0,0.0,-0.7091075709338859,True,False,True,
133.0,3.0,1.3555096219574048,1.0,0.0,-0.4590777541731434,False,False,True,
134.0,2.0,-0.027787557825836348,1.0,0.0,-0.06384161771286326,False,False,True,
135.0,2.0,-0.33518693111100106,0.0,0.0,-0.5106302937114408,True,False,True,
136.0,2.0,-0.48888661775358344,0.0,0.0,-0.4403195034531416,True,False,False,
137.0,1.0,-0.7962859910387481,0.0,2.0,-0.054105061412063477,False,False,True,
138.0,1.0,0.5870111887444931,1.0,0.0,0.86754092994571,True,False,True,
139.0,3.0,-1.0268355210026217,0.0,0.0,-0.6406561089349345,True,False,True,
140.0,1.0,-0.41203677443229225,0.0,0.0,1.7645551179120846,True,False,False,
141.0,3.0,-0.10463740114712752,0.0,2.0,-0.43344583151470195,False,False,False,
142.0,3.0,-0.5657364610748746,0.0,0.0,-0.6910641820954817,False,False,True,
143.0,3.0,-0.41203677443229225,1.0,0.0,-0.41268046858867574,False,False,True,
144.0,3.0,-0.7962859910387481,0.0,0.0,-0.7091075709338859,True,True,False,
145.0,2.0,-0.8731358343600393,0.0,0.0,-0.5621828332497382,True,False,True,
146.0,2.0,-0.7962859910387481,1.0,1.0,0.30561824897826817,True,False,True,
147.0,3.0,-0.1814872444684187,0.0,0.0,-0.689490111221579,True,False,True,
148.0,3.0,-1.56478442425166,2.0,2.0,0.22399339470929724,False,False,True,
149.0,2.0,0.5485862670838475,0.0,2.0,-0.06384161771286326,True,False,True,
150.0,2.0,0.9712604053509489,0.0,0.0,-0.5106302937114408,True,False,True,
151.0,2.0,1.6629089952425695,0.0,0.0,-0.526955264565235,True,False,True,
152.0,1.0,-0.5657364610748746,1.0,0.0,1.3315137857903863,False,False,True,
153.0,3.0,2.00873329018838,0.0,0.0,-0.6807536741878222,True,False,True,
154.0,3.0,0.8559856403690123,0.0,2.0,-0.4590777541731434,True,False,True,
155.0,3.0,-0.10463740114712752,0.0,0.0,-0.7061003394608184,True,False,True,
156.0,1.0,1.6629089952425695,0.0,1.0,1.1520834535093576,True,False,False,
157.0,3.0,-1.0268355210026217,0.0,0.0,-0.6916381337023414,False,True,False,
158.0,3.0,0.04906228549545483,0.0,0.0,-0.6807536741878222,True,False,True,
159.0,3.0,-0.10463740114712752,0.0,0.0,-0.6597030538763509,True,False,True,
160.0,3.0,-0.10463740114712752,8.0,2.0,1.4329004468823712,True,False,True,
161.0,3.0,1.1249600919935314,0.0,1.0,-0.4040883786656261,True,False,True,
162.0,2.0,0.8175607187083667,0.0,0.0,-0.41611730455789553,False,False,True,
163.0,3.0,-0.2583370877897099,0.0,0.0,-0.6902049731031766,True,False,True,
164.0,3.0,-0.9499856776813305,0.0,0.0,-0.6597030538763509,True,False,True,
165.0,3.0,-2.1795831708219895,4.0,1.0,0.4065753055741006,True,False,True,
166.0,3.0,-1.56478442425166,0.0,2.0,-0.25200838702764883,True,False,True,
167.0,1.0,-0.10463740114712752,0.0,1.0,0.9328408133608866,False,False,True,
168.0,3.0,1.2018099353148226,1.0,4.0,0.0014582657023134015,False,False,True,
169.0,1.0,-0.10463740114712752,0.0,0.0,-0.06641924468977811,True,False,True,
170.0,3.0,-0.10463740114712752,0.0,0.0,0.9842490057884768,True,False,True,
171.0,1.0,2.4314074284554814,0.0,0.0,0.19392107997862376,True,False,True,
172.0,3.0,-1.949033640858116,4.0,1.0,0.043559506325256334,True,True,False,
173.0,3.0,-2.1795831708219895,1.0,1.0,-0.5747857107488672,False,False,True,
174.0,3.0,-0.6425863043961658,0.0,0.0,-0.685049719149347,True,False,True,
175.0,1.0,2.0471582118490255,0.0,0.0,0.09754532572976132,True,False,False,
176.0,3.0,-0.8731358343600393,1.0,1.0,-0.6874829990155547,True,False,True,
177.0,3.0,-0.10463740114712752,3.0,1.0,-0.08217026393671262,True,False,True,
178.0,1.0,1.5860591519212783,0.0,0.0,0.029382557952224497,False,False,False,
179.0,2.0,0.04906228549545483,0.0,0.0,-0.5106302937114408,True,False,True,
180.0,3.0,0.5101613454232019,0.0,0.0,-0.7091075709338859,True,False,True,
181.0,3.0,-0.10463740114712752,8.0,2.0,1.4329004468823712,False,False,True,
182.0,2.0,-0.10463740114712752,0.0,0.0,-0.4401751563424343,True,False,False,
183.0,3.0,-1.56478442425166,4.0,2.0,0.1213179201288549,True,False,True,
184.0,2.0,-2.1795831708219895,2.0,1.0,0.38294705828571424,True,False,True,
185.0,3.0,-1.949033640858116,0.0,2.0,-0.20045584748935144,False,False,True,
186.0,1.0,-0.10463740114712752,0.0,0.0,0.7609990148998952,True,False,True,
187.0,3.0,-0.10463740114712752,1.0,0.0,-0.42470939448094513,False,True,False,
188.0,1.0,1.2018099353148226,0.0,0.0,-0.044939019882154194,True,False,True,
189.0,3.0,0.8175607187083667,1.0,1.0,-0.42470939448094513,True,True,False,
190.0,3.0,0.5101613454232019,0.0,0.0,-0.6860532752523592,True,False,True,
191.0,2.0,0.20276197213803718,0.0,0.0,-0.5106302937114408,False,False,True,
192.0,2.0,-0.7962859910387481,0.0,0.0,-0.5106302937114408,True,False,True,
193.0,3.0,-0.7962859910387481,1.0,0.0,-0.6874829990155547,False,False,True,
194.0,2.0,-2.025883484179407,1.0,1.0,-0.06384161771286326,True,False,True,
195.0,1.0,1.1249600919935314,0.0,0.0,-0.0047005443545284605,False,False,False,
196.0,1.0,2.200857898491608,0.0,0.0,2.894557571485825,False,False,False,
197.0,3.0,-0.10463740114712752,0.0,0.0,-0.6910641820954817,True,True,False,
198.0,3.0,0.9712604053509489,0.0,1.0,-0.6685804011848456,True,False,True,
199.0,3.0,-0.10463740114712752,0.0,0.0,-0.6910641820954817,False,True,False,
200.0,2.0,-0.41203677443229225,0.0,0.0,-0.5106302937114408,False,False,True,
201.0,3.0,-0.10463740114712752,0.0,0.0,-0.6309195526341347,True,False,True,
202.0,3.0,-0.10463740114712752,8.0,2.0,1.4329004468823712,True,False,True,
203.0,3.0,0.35646165878061953,0.0,0.0,-0.7091075709338859,True,False,True,
204.0,3.0,1.2402348569754682,0.0,0.0,-0.7091075709338859,True,False,False,
205.0,3.0,-0.8731358343600393,0.0,0.0,-0.6807536741878222,True,False,True,
206.0,3.0,-2.1027333275006983,0.0,1.0,-0.5978400064303938,False,False,True,
207.0,3.0,0.20276197213803718,1.0,0.0,-0.41268046858867574,True,False,True,
208.0,3.0,-0.2583370877897099,0.0,0.0,-0.31172341199284326,True,False,False,
209.0,3.0,-1.0268355210026217,0.0,0.0,-0.6910641820954817,False,True,False,
210.0,1.0,0.8175607187083667,0.0,0.0,0.10800018074812809,True,False,False,
211.0,3.0,-0.41203677443229225,0.0,0.0,-0.7091075709338859,True,False,True,
212.0,2.0,0.4333115021019107,0.0,0.0,-0.23568341617385463,False,False,True,
213.0,3.0,-0.5657364610748746,0.0,0.0,-0.7082483619415808,True,False,True,
214.0,2.0,0.04906228549545483,0.0,0.0,-0.5106302937114408,True,False,True,
215.0,3.0,-0.10463740114712752,1.0,0.0,-0.6910641820954817,True,True,False,
216.0,1.0,0.12591212881674602,1.0,0.0,2.894557571485825,False,False,False,
217.0,3.0,-0.1814872444684187,0.0,0.0,-0.685049719149347,False,False,True,
218.0,2.0,0.9712604053509489,1.0,0.0,-0.029473258020664993,True,False,True,
219.0,1.0,0.20276197213803718,0.0,0.0,1.6646016174192646,False,False,False,
220.0,2.0,0.04906228549545483,0.0,0.0,-0.5965511929419365,True,False,True,
221.0,3.0,-1.0268355210026217,0.0,0.0,-0.6807536741878222,True,False,True,
222.0,2.0,-0.1814872444684187,0.0,0.0,-0.5106302937114408,True,False,True,
223.0,3.0,1.6629089952425695,0.0,0.0,-0.6807536741878222,True,False,True,
224.0,3.0,-0.10463740114712752,0.0,0.0,-0.6860532752523592,True,False,True,
225.0,1.0,0.6638610320657843,1.0,0.0,2.135733402587826,True,False,True,
226.0,3.0,-0.5657364610748746,0.0,0.0,-0.6360748065879646,True,False,True,
227.0,2.0,-0.7962859910387481,0.0,0.0,-0.5965511929419365,True,False,True,
228.0,3.0,-0.6810112260568114,0.0,0.0,-0.7082483619415808,True,False,True,
229.0,2.0,-0.8731358343600393,0.0,0.0,-0.5106302937114408,True,False,True,
230.0,3.0,-0.10463740114712752,3.0,1.0,-0.08217026393671262,False,False,True,
231.0,1.0,0.4333115021019107,1.0,0.0,1.911479855596232,False,False,True,
232.0,3.0,-0.027787557825836348,0.0,0.0,-0.6902049731031766,True,False,True,
233.0,2.0,2.277707741812899,0.0,0.0,-0.49344611386534165,True,False,True,
234.0,3.0,-1.8721837975368247,4.0,2.0,0.1213179201288549,False,False,True,
235.0,2.0,-0.41203677443229225,0.0,0.0,-0.5965511929419365,True,False,True,
236.0,3.0,-0.10463740114712752,0.0,0.0,-0.6979378540339214,False,False,True,
237.0,2.0,1.1249600919935314,1.0,0.0,-0.06384161771286326,True,False,True,
238.0,2.0,-1.6416342675729512,0.0,2.0,-0.0552495277898137,False,False,True,
239.0,2.0,-0.7962859910387481,0.0,0.0,-0.5965511929419365,True,False,True,
240.0,2.0,0.27961181545932834,0.0,0.0,-0.5355473544882845,True,False,True,
241.0,3.0,-0.10463740114712752,1.0,0.0,-0.46065182504704605,False,False,False,
242.0,3.0,-0.10463740114712752,1.0,0.0,-0.42470939448094513,False,True,False,
243.0,2.0,-0.027787557825836348,0.0,0.0,-0.5965511929419365,True,False,True,
244.0,3.0,-0.5657364610748746,0.0,0.0,-0.7091075709338859,True,False,True,
245.0,3.0,0.04906228549545483,0.0,0.0,-0.7091075709338859,True,False,False,
246.0,1.0,1.1249600919935314,2.0,0.0,2.135733402587826,True,True,False,
247.0,3.0,-0.33518693111100106,0.0,0.0,-0.6902049731031766,False,False,True,
248.0,2.0,-0.41203677443229225,0.0,2.0,-0.4590777541731434,False,False,True,
249.0,1.0,0.5870111887444931,1.0,1.0,0.8487826792257082,True,False,True,
250.0,2.0,1.893458525206443,1.0,0.0,-0.06384161771286326,True,False,True,
251.0,3.0,-0.10463740114712752,0.0,0.0,-0.7082483619415808,True,False,True,
252.0,3.0,-0.027787557825836348,1.0,1.0,-0.5978400064303938,False,False,True,
253.0,1.0,2.5082572717767726,0.0,0.0,-0.044939019882154194,True,False,True,
254.0,3.0,0.04906228549545483,1.0,0.0,-0.4040883786656261,True,False,True,
255.0,3.0,0.8944105620296577,0.0,2.0,-0.2627484994314608,False,False,True,
256.0,3.0,-0.027787557825836348,0.0,2.0,-0.43344583151470195,False,False,False,
257.0,1.0,-0.10463740114712752,0.0,0.0,1.7645551179120846,False,False,False,
258.0,1.0,0.04906228549545483,0.0,0.0,2.015444143665132,False,False,True,
259.0,1.0,0.4333115021019107,0.0,0.0,2.894557571485825,False,False,False,
260.0,2.0,1.5860591519212783,0.0,1.0,-0.06384161771286326,False,False,True,
261.0,3.0,-0.10463740114712752,0.0,0.0,-0.6910641820954817,True,True,False,
262.0,3.0,-2.025883484179407,4.0,2.0,0.1213179201288549,True,False,True,
263.0,1.0,1.7397588385638607,1.0,1.0,1.7800208797735741,True,False,True,
264.0,1.0,0.8175607187083667,0.0,0.0,-0.7091075709338859,True,False,True,
265.0,3.0,-0.10463740114712752,0.0,0.0,-0.6910641820954817,False,True,False,
266.0,2.0,0.5101613454232019,0.0,0.0,-0.5965511929419365,True,False,True,
267.0,3.0,-1.0268355210026217,4.0,1.0,0.4065753055741006,True,False,True,
268.0,3.0,-0.33518693111100106,1.0,0.0,-0.6902049731031766,True,False,True,
269.0,1.0,2.200857898491608,0.0,1.0,2.894557571485825,False,False,True,
270.0,1.0,0.4333115021019107,0.0,0.0,2.894557571485825,False,False,True,
271.0,1.0,-0.10463740114712752,0.0,0.0,0.10800018074812809,True,False,True,
272.0,3.0,-0.33518693111100106,0.0,0.0,-0.7091075709338859,True,False,True,
273.0,2.0,0.8944105620296577,0.0,1.0,-0.28723595571215205,False,False,True,
274.0,1.0,0.5870111887444931,0.0,1.0,0.06332131314827032,True,False,False,
275.0,3.0,-0.10463740114712752,0.0,0.0,-0.6910641820954817,False,True,False,
276.0,1.0,2.585107115098064,1.0,0.0,1.7218799256822819,False,False,True,
277.0,3.0,1.2018099353148226,0.0,0.0,-0.6910641820954817,False,False,True,
278.0,2.0,-0.10463740114712752,0.0,0.0,-0.7091075709338859,True,False,True,
279.0,3.0,-1.7184841108942424,4.0,1.0,0.043559506325256334,True,True,False,
280.0,3.0,0.4333115021019107,1.0,1.0,-0.26145968594300334,False,False,True,
281.0,3.0,2.738806801740646,0.0,0.0,-0.6910641820954817,True,True,False,
282.0,3.0,-0.10463740114712752,0.0,0.0,-0.6874829990155547,True,False,True,
283.0,3.0,-1.0268355210026217,0.0,0.0,-0.6309195526341347,True,False,True,
284.0,3.0,-0.7962859910387481,0.0,0.0,-0.6807536741878222,True,False,True,
285.0,1.0,-0.10463740114712752,0.0,0.0,-0.06384161771286326,True,False,True,
286.0,3.0,0.27961181545932834,0.0,0.0,-0.6597030538763509,True,False,False,
287.0,3.0,0.04906228549545483,0.0,0.0,-0.6309195526341347,True,False,True,
288.0,3.0,-0.5657364610748746,0.0,0.0,-0.6860532752523592,True,False,True,
289.0,2.0,0.9712604053509489,0.0,0.0,-0.5106302937114408,True,False,True,
290.0,3.0,-0.5657364610748746,0.0,0.0,-0.6910641820954817,False,True,False,
291.0,1.0,-0.2583370877897099,0.0,0.0,1.752526192019815,False,False,True,
292.0,1.0,-0.7962859910387481,1.0,0.0,2.172823736367646,False,False,False,
293.0,2.0,0.5101613454232019,0.0,0.0,-0.5149263386729656,True,False,False,
294.0,3.0,-0.41203677443229225,0.0,0.0,-0.6532589864340637,False,False,True,
295.0,3.0,-0.41203677443229225,0.0,0.0,-0.6860532752523592,True,False,True,
296.0,1.0,-0.10463740114712752,0.0,0.0,-0.0047005443545284605,True,False,False,
297.0,3.0,-0.45046169609293785,0.0,0.0,-0.7089632238231787,True,False,False,
298.0,1.0,-2.1027333275006983,1.0,2.0,2.894557571485825,False,False,True,
299.0,1.0,-0.10463740114712752,0.0,0.0,0.09081600090202896,True,False,True,
300.0,1.0,1.5860591519212783,0.0,1.0,2.894557571485825,False,False,False,
301.0,3.0,-0.10463740114712752,0.0,0.0,-0.6910641820954817,False,True,False,
302.0,3.0,-0.10463740114712752,2.0,0.0,-0.1583546068664085,True,True,False,
303.0,3.0,-0.7962859910387481,0.0,0.0,-0.7091075709338859,True,False,True,
304.0,2.0,-0.10463740114712752,0.0,0.0,-0.5329697275113697,False,True,False,
305.0,3.0,-0.10463740114712752,0.0,0.0,-0.6807536741878222,True,False,True,
306.0,1.0,-2.1857311582876924,1.0,2.0,2.894557571485825,True,False,True,
307.0,1.0,-0.10463740114712752,0.0,0.0,2.85345816854791,False,False,False,
308.0,1.0,-0.9499856776813305,1.0,0.0,2.7852954007703734,False,False,False,
309.0,2.0,0.04906228549545483,1.0,0.0,-0.1325783370972598,True,False,False,
310.0,1.0,0.04906228549545483,0.0,0.0,0.9991442528790756,False,False,False,
311.0,1.0,-0.41203677443229225,0.0,0.0,1.900595396081713,False,False,False,
312.0,1.0,-0.8731358343600393,2.0,2.0,2.894557571485825,False,False,False,
313.0,2.0,-0.2583370877897099,1.0,1.0,-0.06384161771286326,False,False,True,
314.0,3.0,-0.10463740114712752,0.0,0.0,-0.6860532752523592,True,False,True,
315.0,2.0,1.0481102486722402,1.0,1.0,-0.0552495277898137,True,False,True,
316.0,3.0,-0.2583370877897099,0.0,0.0,-0.6874829990155547,False,False,True,
317.0,2.0,-0.41203677443229225,1.0,0.0,-0.06384161771286326,False,False,True,
318.0,2.0,1.893458525206443,0.0,0.0,-0.4762619340192425,True,False,True,
319.0,1.0,0.12591212881674602,0.0,2.0,2.894557571485825,False,False,True,
320.0,1.0,0.8175607187083667,1.0,1.0,2.894557571485825,False,False,False,
321.0,3.0,-0.5657364610748746,0.0,0.0,-0.7082483619415808,True,False,True,
322.0,3.0,-0.1814872444684187,0.0,0.0,-0.6860532752523592,True,False,True,
323.0,2.0,0.04906228549545483,0.0,0.0,-0.5329697275113697,False,True,False,
324.0,2.0,-0.5657364610748746,1.0,1.0,0.03926346136373155,False,False,True,
325.0,3.0,-0.10463740114712752,8.0,2.0,1.4329004468823712,True,False,True,
326.0,1.0,0.5101613454232019,0.0,0.0,2.894557571485825,False,False,False,
327.0,3.0,2.4314074284554814,0.0,0.0,-0.7091075709338859,True,False,True,
328.0,2.0,0.5101613454232019,0.0,0.0,-0.5106302937114408,False,False,True,
329.0,3.0,0.12591212881674602,1.0,1.0,-0.25200838702764883,False,False,True,
330.0,1.0,-1.0268355210026217,0.0,1.0,1.0352310305558836,False,False,False,
331.0,3.0,-0.10463740114712752,2.0,0.0,-0.1583546068664085,False,True,False,
332.0,1.0,1.2402348569754682,0.0,0.0,0.022079281517632412,True,False,True,
333.0,1.0,0.6638610320657843,0.0,1.0,2.894557571485825,True,False,True,
334.0,3.0,-1.0268355210026217,2.0,0.0,-0.3387884952504494,True,False,True,
335.0,1.0,-0.10463740114712752,1.0,0.0,2.894557571485825,False,False,True,
336.0,3.0,-0.10463740114712752,0.0,0.0,-0.6860532752523592,True,False,True,
337.0,1.0,-0.027787557825836348,1.0,0.0,1.3315137857903863,True,False,True,
338.0,1.0,0.8944105620296577,0.0,0.0,2.894557571485825,False,False,False,
339.0,3.0,1.2018099353148226,0.0,0.0,-0.6807536741878222,True,False,True,
340.0,1.0,1.2018099353148226,0.0,0.0,0.2626577993630203,True,False,True,
341.0,2.0,-2.1027333275006983,1.0,1.0,-0.06384161771286326,True,False,True,
342.0,1.0,-0.41203677443229225,3.0,2.0,2.894557571485825,False,False,True,
343.0,2.0,-0.10463740114712752,0.0,0.0,-0.5106302937114408,True,False,True,
344.0,2.0,-0.33518693111100106,0.0,0.0,-0.5106302937114408,True,False,True,
345.0,2.0,0.5101613454232019,0.0,0.0,-0.5106302937114408,True,False,True,
346.0,2.0,-0.41203677443229225,0.0,0.0,-0.5106302937114408,False,False,True,
347.0,2.0,0.8175607187083667,0.0,0.0,-0.5106302937114408,False,False,True,
348.0,3.0,-0.10463740114712752,1.0,0.0,-0.4040883786656261,False,False,True,
349.0,3.0,-2.025883484179407,1.0,1.0,-0.41096205060406577,True,False,True,
350.0,3.0,0.9712604053509489,0.0,0.0,-0.6597030538763509,True,False,True,
351.0,3.0,-0.48888661775358344,0.0,0.0,-0.6403708515494894,True,False,True,
352.0,1.0,-0.10463740114712752,0.0,0.0,0.24547361951692118,True,False,True,
353.0,3.0,-1.1036853643239128,1.0,1.0,-0.7089632238231787,True,False,False,
354.0,3.0,-0.33518693111100106,1.0,0.0,-0.34566216718888904,True,False,True,
355.0,3.0,-0.10463740114712752,0.0,0.0,-0.7091075709338859,True,False,False,
356.0,3.0,-0.10463740114712752,0.0,0.0,-0.6309195526341347,True,False,True,
357.0,1.0,-0.5657364610748746,0.0,1.0,0.9328408133608866,False,False,True,
358.0,2.0,0.6638610320657843,0.0,0.0,-0.5106302937114408,False,False,True,
359.0,3.0,-0.10463740114712752,0.0,0.0,-0.6866237900232497,False,True,False,
360.0,3.0,-0.10463740114712752,0.0,0.0,-0.6866237900232497,False,True,False,
361.0,3.0,0.8175607187083667,1.0,4.0,0.0014582657023134015,True,False,True,
362.0,2.0,-0.027787557825836348,1.0,0.0,-0.0047005443545284605,True,False,False,
363.0,3.0,1.2018099353148226,0.0,1.0,-0.46065182504704605,False,False,False,
364.0,3.0,0.4333115021019107,0.0,0.0,-0.7091075709338859,True,False,True,
365.0,3.0,-0.10463740114712752,1.0,0.0,-0.42470939448094513,True,True,False,
366.0,3.0,0.04906228549545483,0.0,0.0,-0.7082483619415808,True,False,True,
367.0,1.0,2.3545575851341902,1.0,0.0,1.6288000971279015,False,False,False,
368.0,3.0,-0.10463740114712752,0.0,0.0,-0.7089632238231787,False,False,False,
369.0,3.0,-0.10463740114712752,0.0,0.0,-0.6910641820954817,False,True,False,
370.0,1.0,-0.41203677443229225,0.0,0.0,1.4243083569593216,False,False,False,
371.0,1.0,-0.33518693111100106,1.0,0.0,0.9480213178369304,True,False,False,
372.0,3.0,-0.8731358343600393,1.0,0.0,-0.7091075709338859,True,False,True,
373.0,3.0,-0.7962859910387481,0.0,0.0,-0.6807536741878222,True,False,True,
374.0,1.0,-0.5657364610748746,0.0,0.0,2.894557571485825,True,False,False,
375.0,3.0,-2.025883484179407,3.0,1.0,-0.23310578919693978,False,False,True,
376.0,1.0,-0.10463740114712752,1.0,0.0,1.8666566408856673,False,False,False,
377.0,3.0,-0.5657364610748746,0.0,0.0,-0.7082483619415808,False,False,True,
378.0,1.0,-0.1814872444684187,0.0,2.0,2.894557571485825,True,False,False,
379.0,3.0,-0.719436147717457,0.0,0.0,-0.7091075709338859,True,False,False,
380.0,3.0,-0.7962859910387481,0.0,0.0,-0.6902049731031766,True,False,True,
381.0,1.0,0.9712604053509489,0.0,0.0,2.894557571485825,False,False,False,
382.0,3.0,-2.1795831708219895,0.0,2.0,-0.4164025619433408,False,False,False,
383.0,3.0,0.20276197213803718,0.0,0.0,-0.685049719149347,True,False,True,
384.0,1.0,0.4333115021019107,1.0,0.0,0.8297357342842918,False,False,True,
385.0,3.0,-0.10463740114712752,0.0,0.0,-0.6860532752523592,True,False,True,
386.0,2.0,-0.8731358343600393,0.0,0.0,1.5686554676665545,True,False,True,
387.0,3.0,-2.1795831708219895,5.0,2.0,0.6544570998540805,True,False,True,
388.0,2.0,0.5101613454232019,0.0,0.0,-0.5106302937114408,False,False,True,
389.0,3.0,-0.10463740114712752,0.0,0.0,-0.6917790439770795,True,True,False,
390.0,2.0,-0.9499856776813305,0.0,0.0,-0.5449986534036391,False,False,False,
391.0,1.0,0.5101613454232019,1.0,2.0,2.894557571485825,True,False,True,
392.0,3.0,-0.6425863043961658,0.0,0.0,-0.689490111221579,True,False,True,
393.0,3.0,-0.10463740114712752,2.0,0.0,-0.685049719149347,True,False,True,
394.0,1.0,-0.48888661775358344,1.0,0.0,2.894557571485825,False,False,False,
395.0,3.0,-0.41203677443229225,0.0,2.0,-0.3834673628503072,False,False,True,
396.0,3.0,-0.5657364610748746,0.0,0.0,-0.689490111221579,True,False,True,
397.0,3.0,0.12591212881674602,0.0,0.0,-0.6874829990155547,False,False,True,
398.0,2.0,1.2786597786361138,0.0,0.0,-0.06384161771286326,True,False,True,
399.0,2.0,-0.48888661775358344,0.0,0.0,-0.5965511929419365,True,False,True,
400.0,2.0,-0.10463740114712752,0.0,0.0,-0.5226592196037102,False,False,True,
401.0,3.0,0.7407108753870755,0.0,0.0,-0.685049719149347,True,False,True,
402.0,3.0,-0.2583370877897099,0.0,0.0,-0.6807536741878222,True,False,True,
403.0,3.0,-0.6425863043961658,1.0,0.0,-0.6197498357341703,False,False,True,
404.0,3.0,-0.10463740114712752,1.0,0.0,-0.41268046858867574,True,False,True,
405.0,3.0,-0.719436147717457,0.0,0.0,-0.6597030538763509,False,False,True,
406.0,2.0,0.35646165878061953,1.0,0.0,-0.23568341617385463,True,False,True,
407.0,3.0,1.6629089952425695,0.0,0.0,-0.6910641820954817,True,False,True,
408.0,2.0,-2.025883484179407,1.0,1.0,-0.31301222548130075,True,False,True,
409.0,3.0,-0.6425863043961658,0.0,0.0,-0.6902049731031766,True,False,True,
410.0,3.0,-0.10463740114712752,3.0,1.0,-0.08217026393671262,False,False,True,
411.0,3.0,-0.10463740114712752,0.0,0.0,-0.6860532752523592,True,False,True,
412.0,3.0,-0.10463740114712752,0.0,0.0,-0.7091075709338859,True,True,False,
413.0,1.0,0.27961181545932834,1.0,0.0,2.135733402587826,False,True,False,
414.0,2.0,-0.10463740114712752,0.0,0.0,-0.7091075709338859,True,False,True,
415.0,3.0,1.1249600919935314,0.0,0.0,-0.685049719149347,True,False,True,
416.0,3.0,-0.10463740114712752,0.0,0.0,-0.6807536741878222,False,False,True,
417.0,2.0,0.35646165878061953,1.0,1.0,0.1595527202864255,False,False,True,
418.0,2.0,-0.8731358343600393,0.0,2.0,-0.5106302937114408,False,False,True,
419.0,2.0,0.04906228549545483,0.0,0.0,-0.5106302937114408,True,False,True,
420.0,3.0,-1.4879345809303688,0.0,2.0,-0.12742308314343012,False,False,True,
421.0,3.0,-0.10463740114712752,0.0,0.0,-0.6860532752523592,True,False,False,
422.0,3.0,-0.6425863043961658,0.0,0.0,-0.6916381337023414,True,True,False,
423.0,3.0,-0.027787557825836348,0.0,0.0,-0.6867681371339569,True,False,True,
424.0,3.0,-0.10463740114712752,1.0,1.0,-0.4625145901423632,False,False,True,
425.0,3.0,-0.8731358343600393,1.0,1.0,-0.2627484994314608,True,False,True,
426.0,3.0,-0.10463740114712752,0.0,0.0,-0.7082483619415808,True,False,True,
427.0,2.0,-0.10463740114712752,1.0,0.0,-0.06384161771286326,False,False,True,
428.0,2.0,-0.7962859910387481,0.0,0.0,-0.06384161771286326,False,False,True,
429.0,3.0,-0.10463740114712752,0.0,0.0,-0.6910641820954817,True,True,False,
430.0,3.0,0.20276197213803718,0.0,0.0,-0.6807536741878222,True,False,True,
431.0,1.0,-0.10463740114712752,0.0,0.0,-0.044939019882154194,True,False,True,
432.0,3.0,-0.10463740114712752,1.0,0.0,-0.4040883786656261,False,False,True,
433.0,2.0,0.9712604053509489,1.0,0.0,-0.06384161771286326,False,False,True,
434.0,3.0,-0.9499856776813305,0.0,0.0,-0.7091075709338859,True,False,True,
435.0,1.0,1.5860591519212783,1.0,0.0,0.963772337083865,True,False,True,
436.0,1.0,-1.180535207645204,1.0,2.0,2.894557571485825,False,False,True,
437.0,3.0,-0.6425863043961658,2.0,2.0,0.22399339470929724,False,False,True,
438.0,2.0,-0.41203677443229225,2.0,3.0,-0.31301222548130075,False,False,True,
439.0,1.0,2.661956958419355,1.0,4.0,2.894557571485825,True,False,True,
440.0,2.0,0.12591212881674602,0.0,0.0,-0.5965511929419365,True,False,True,
441.0,2.0,1.2018099353148226,1.0,1.0,-0.0552495277898137,False,False,True,
442.0,3.0,-0.719436147717457,0.0,0.0,-0.6309195526341347,True,False,True,
443.0,3.0,-0.33518693111100106,1.0,0.0,-0.6902049731031766,True,False,True,
444.0,2.0,-0.10463740114712752,0.0,0.0,-0.5106302937114408,False,False,True,
445.0,3.0,-0.10463740114712752,0.0,0.0,-0.6786056517070598,True,False,True,
446.0,1.0,-1.949033640858116,0.0,2.0,1.8559165284818553,True,False,True,
447.0,2.0,-1.2573850509664952,0.0,1.0,-0.28723595571215205,False,False,True,
448.0,1.0,0.35646165878061953,0.0,0.0,-0.044939019882154194,True,False,True,
449.0,3.0,-1.8721837975368247,2.0,1.0,-0.2955427882497564,False,False,False,
450.0,1.0,1.7397588385638607,0.0,0.0,0.09081600090202896,True,False,True,
451.0,2.0,0.5101613454232019,1.0,2.0,-0.0036969882515162904,True,False,True,
452.0,3.0,-0.10463740114712752,1.0,0.0,-0.2711962422438031,True,False,True,
453.0,1.0,0.04906228549545483,0.0,0.0,-0.0036969882515162904,True,False,False,
454.0,1.0,1.5092093085999871,1.0,0.0,2.104946225975555,True,False,False,
455.0,3.0,-0.10463740114712752,0.0,0.0,-0.6807536741878222,True,False,True,
456.0,3.0,-0.027787557825836348,0.0,0.0,-0.6860532752523592,True,False,False,
457.0,1.0,2.738806801740646,0.0,0.0,-0.044939019882154194,True,False,True,
458.0,1.0,-0.10463740114712752,1.0,0.0,0.8250100848266144,False,False,True,
459.0,2.0,1.5860591519212783,0.0,0.0,-0.5965511929419365,False,False,True,
460.0,3.0,-0.10463740114712752,0.0,0.0,-0.6910641820954817,True,True,False,
461.0,1.0,1.432359465278696,0.0,0.0,-0.044939019882154194,True,False,True,
462.0,3.0,0.35646165878061953,0.0,0.0,-0.6807536741878222,True,False,True,
463.0,1.0,1.3555096219574048,0.0,0.0,0.36576287843961514,True,False,True,
464.0,2.0,1.432359465278696,0.0,0.0,-0.5106302937114408,True,False,True,
465.0,3.0,-0.10463740114712752,0.0,0.0,-0.6807536741878222,True,False,True,
466.0,3.0,0.6638610320657843,0.0,0.0,-0.7091075709338859,True,False,True,
467.0,2.0,-0.10463740114712752,0.0,0.0,-0.7091075709338859,True,False,True,
468.0,1.0,2.0471582118490255,0.0,0.0,-0.044939019882154194,True,False,True,
469.0,3.0,-0.10463740114712752,0.0,0.0,-0.6919233910877868,True,True,False,
470.0,3.0,-2.1987956316523123,2.0,1.0,-0.2955427882497564,False,False,False,
471.0,3.0,-0.10463740114712752,0.0,0.0,-0.7082483619415808,True,False,True,
472.0,3.0,0.6638610320657843,0.0,0.0,-0.6597030538763509,True,False,True,
473.0,2.0,0.27961181545932834,1.0,2.0,-0.0036969882515162904,False,False,True,
474.0,2.0,-0.48888661775358344,0.0,0.0,-0.4834208633431274,False,False,False,
475.0,3.0,-0.5657364610748746,0.0,0.0,-0.6193202312380177,False,False,True,
476.0,1.0,-0.10463740114712752,0.0,0.0,0.8297357342842918,True,False,True,
477.0,2.0,0.35646165878061953,1.0,0.0,-0.23568341617385463,True,False,True,
478.0,3.0,-0.027787557825836348,1.0,0.0,-0.7091075709338859,True,False,True,
479.0,3.0,-0.5657364610748746,0.0,0.0,-0.6989414101369336,True,False,True,
480.0,3.0,-2.1027333275006983,0.0,1.0,-0.535117749992132,False,False,True,
481.0,3.0,-1.56478442425166,5.0,2.0,0.6544570998540805,True,False,True,
482.0,2.0,-0.10463740114712752,0.0,0.0,-0.7091075709338859,True,False,True,
483.0,3.0,1.5860591519212783,0.0,0.0,-0.6807536741878222,True,False,True,
484.0,3.0,2.585107115098064,0.0,0.0,-0.6279123211610673,False,False,True,
485.0,1.0,-0.33518693111100106,1.0,0.0,2.172823736367646,True,False,False,
486.0,3.0,-0.10463740114712752,3.0,1.0,-0.08217026393671262,False,False,True,
487.0,1.0,0.4333115021019107,1.0,0.0,2.135733402587826,False,False,True,
488.0,1.0,2.200857898491608,0.0,0.0,0.06332131314827032,True,False,False,
489.0,3.0,0.04906228549545483,0.0,0.0,-0.6807536741878222,True,False,True,
490.0,3.0,-1.56478442425166,1.0,1.0,-0.41096205060406577,True,False,True,
491.0,3.0,-0.10463740114712752,1.0,0.0,-0.2711962422438031,True,False,True,
492.0,3.0,-0.6425863043961658,0.0,0.0,-0.7082483619415808,True,False,True,
493.0,1.0,1.9703083685277343,0.0,0.0,0.09081600090202896,True,False,True,
494.0,1.0,3.1999058616683933,0.0,0.0,0.7439591821645033,True,False,False,
495.0,3.0,-0.6425863043961658,0.0,0.0,-0.6807536741878222,True,False,True,
496.0,3.0,-0.10463740114712752,0.0,0.0,-0.46051091477230804,True,False,False,
497.0,1.0,1.893458525206443,1.0,0.0,1.732479127811356,False,False,False,
498.0,3.0,-0.10463740114712752,0.0,0.0,-0.43845673835782445,True,False,True,
499.0,1.0,-0.33518693111100106,1.0,2.0,2.894557571485825,False,False,True,
500.0,3.0,-0.41203677443229225,0.0,0.0,-0.689490111221579,True,False,True,
501.0,3.0,-0.9499856776813305,0.0,0.0,-0.6597030538763509,True,False,True,
502.0,3.0,-0.6425863043961658,0.0,0.0,-0.6910641820954817,False,True,False,
503.0,3.0,-0.10463740114712752,0.0,0.0,-0.6952158799462992,False,True,False,
504.0,3.0,0.5870111887444931,0.0,0.0,-0.6279123211610673,False,False,True,
505.0,1.0,-1.0268355210026217,0.0,0.0,2.015444143665132,False,False,True,
506.0,1.0,-0.8731358343600393,1.0,0.0,2.7852954007703734,True,False,False,
507.0,2.0,0.27961181545932834,0.0,2.0,-0.06384161771286326,False,False,True,
508.0,1.0,-0.10463740114712752,0.0,0.0,-0.044939019882154194,True,False,True,
509.0,3.0,-0.10463740114712752,0.0,0.0,-0.1832716676432523,True,False,True,
510.0,3.0,-0.2583370877897099,0.0,0.0,0.9842490057884768,True,False,True,
511.0,3.0,-0.027787557825836348,0.0,0.0,-0.6910641820954817,True,True,False,
512.0,3.0,-0.10463740114712752,0.0,0.0,-0.6807536741878222,True,False,True,
513.0,1.0,0.5101613454232019,0.0,0.0,-0.05396071430135621,True,False,True,
514.0,1.0,1.893458525206443,1.0,0.0,1.084061596006559,False,False,False,
515.0,3.0,-0.41203677443229225,0.0,0.0,-0.6998006191292385,True,False,True,
516.0,1.0,1.3555096219574048,0.0,0.0,0.21182012170632067,True,False,True,
517.0,2.0,0.35646165878061953,0.0,0.0,-0.5965511929419365,False,False,True,
518.0,3.0,-0.10463740114712752,0.0,0.0,-0.12742308314343012,True,True,False,
519.0,2.0,0.5101613454232019,1.0,0.0,-0.06384161771286326,False,False,True,
520.0,3.0,0.20276197213803718,0.0,0.0,-0.6860532752523592,True,False,True,
521.0,1.0,0.04906228549545483,0.0,0.0,2.25602266151052,False,False,True,
522.0,3.0,-0.5657364610748746,0.0,0.0,-0.6860532752523592,True,False,True,
523.0,3.0,-0.10463740114712752,0.0,0.0,-0.7091075709338859,True,False,False,
524.0,1.0,1.1249600919935314,0.0,1.0,1.0352310305558836,False,False,False,
525.0,3.0,-0.10463740114712752,0.0,0.0,-0.7089632238231787,True,False,False,
526.0,3.0,0.8559856403690123,0.0,0.0,-0.6910641820954817,True,True,False,
527.0,2.0,1.5860591519212783,0.0,0.0,-0.5965511929419365,False,False,True,
528.0,1.0,-0.10463740114712752,0.0,0.0,2.894557571485825,True,False,True,
529.0,3.0,0.7407108753870755,0.0,0.0,-0.685049719149347,True,False,True,
530.0,2.0,-0.48888661775358344,2.0,1.0,-0.5621828332497382,True,False,True,
531.0,2.0,-2.1027333275006983,1.0,1.0,-0.06384161771286326,False,False,True,
532.0,3.0,-0.10463740114712752,0.0,0.0,-0.7089632238231787,True,False,False,
533.0,3.0,-0.9499856776813305,1.0,1.0,-0.7089632238231787,True,False,False,
534.0,3.0,-0.10463740114712752,0.0,2.0,-0.1890008732039417,False,False,False,
535.0,3.0,0.04906228549545483,0.0,0.0,-0.6597030538763509,False,False,True,
536.0,2.0,-1.7184841108942424,0.0,2.0,-0.0552495277898137,False,False,True,
537.0,1.0,1.2018099353148226,0.0,0.0,-0.044939019882154194,True,False,True,
538.0,1.0,0.04906228549545483,0.0,0.0,2.7002337105321823,False,False,False,
539.0,3.0,-0.10463740114712752,0.0,0.0,-0.4590777541731434,True,False,True,
540.0,1.0,-0.5657364610748746,0.0,2.0,0.7438148350537961,False,False,False,
541.0,1.0,0.5101613454232019,0.0,2.0,1.4827345684360589,False,False,True,
542.0,3.0,-1.56478442425166,4.0,2.0,0.11745147966348257,False,False,True,
543.0,3.0,-1.4110847376090776,4.0,2.0,0.11745147966348257,False,False,True,
544.0,2.0,0.20276197213803718,1.0,0.0,-0.06384161771286326,True,False,True,
545.0,1.0,1.5860591519212783,1.0,0.0,2.7002337105321823,True,False,False,
546.0,1.0,2.661956958419355,0.0,0.0,-0.06384161771286326,True,False,True,
547.0,2.0,-0.7962859910387481,1.0,0.0,-0.06384161771286326,False,False,True,
548.0,2.0,-0.10463740114712752,0.0,0.0,-0.4809875834769198,True,False,False,
549.0,3.0,0.27961181545932834,1.0,1.0,-0.25200838702764883,True,False,True,
550.0,2.0,-1.6416342675729512,1.0,1.0,0.30561824897826817,True,False,True,
551.0,1.0,-0.9499856776813305,0.0,2.0,2.85345816854791,True,False,False,
552.0,2.0,-0.1814872444684187,0.0,0.0,-0.06384161771286326,True,False,True,
553.0,3.0,-0.10463740114712752,0.0,0.0,-0.6883422080078596,True,True,False,
554.0,3.0,-0.5657364610748746,0.0,0.0,-0.7091075709338859,True,False,False,
555.0,3.0,-0.5657364610748746,0.0,0.0,-0.6902049731031766,False,False,True,
556.0,1.0,2.5082572717767726,0.0,0.0,-0.044939019882154194,True,False,True,
557.0,1.0,1.432359465278696,1.0,0.0,0.4035680741010333,False,False,False,
558.0,1.0,-0.10463740114712752,0.0,0.0,2.894557571485825,True,False,False,
559.0,1.0,0.7407108753870755,1.0,1.0,1.7800208797735741,False,False,True,
560.0,3.0,0.5101613454232019,1.0,0.0,-0.35940951106576846,False,False,True,
561.0,3.0,-0.10463740114712752,0.0,0.0,-0.6910641820954817,True,True,False,
562.0,3.0,0.8175607187083667,0.0,0.0,-0.6860532752523592,True,False,True,
563.0,2.0,-0.10463740114712752,0.0,0.0,-0.49344611386534165,True,False,True,
564.0,3.0,-0.10463740114712752,0.0,0.0,-0.6807536741878222,True,False,True,
565.0,3.0,-0.10463740114712752,0.0,0.0,-0.6807536741878222,False,False,True,
566.0,3.0,-0.41203677443229225,2.0,0.0,-0.12742308314343012,True,False,True,
567.0,3.0,-0.7962859910387481,0.0,0.0,-0.6860532752523592,True,False,True,
568.0,3.0,-0.027787557825836348,0.0,4.0,-0.23310578919693978,False,False,True,
569.0,3.0,-0.10463740114712752,0.0,0.0,-0.7089632238231787,True,False,False,
570.0,3.0,0.20276197213803718,0.0,0.0,-0.6874829990155547,True,False,True,
571.0,2.0,2.5082572717767726,0.0,0.0,-0.5965511929419365,True,False,True,
572.0,1.0,1.816608681885152,2.0,0.0,0.8118366925565949,False,False,True,
573.0,1.0,0.5101613454232019,0.0,0.0,-0.05052387833213646,True,False,True,
574.0,3.0,-0.10463740114712752,0.0,0.0,-0.6910641820954817,False,True,False,
575.0,3.0,-1.0268355210026217,0.0,0.0,-0.6807536741878222,True,False,True,
576.0,3.0,-0.7962859910387481,0.0,0.0,-0.4590777541731434,True,False,True,
577.0,2.0,0.35646165878061953,0.0,0.0,-0.5106302937114408,False,False,True,
578.0,1.0,0.7407108753870755,1.0,0.0,0.963772337083865,False,False,True,
579.0,3.0,-0.10463740114712752,1.0,0.0,-0.46051091477230804,False,False,False,
580.0,3.0,0.20276197213803718,0.0,0.0,-0.685049719149347,True,False,True,
581.0,2.0,-0.33518693111100106,1.0,1.0,0.07363182105592982,False,False,True,
582.0,1.0,0.7407108753870755,1.0,1.0,2.85345816854791,False,False,False,
583.0,2.0,1.893458525206443,0.0,0.0,-0.06384161771286326,True,False,True,
584.0,1.0,0.5101613454232019,0.0,0.0,0.4216114629394373,True,False,False,
585.0,3.0,-0.10463740114712752,0.0,0.0,-0.6579846358917408,True,False,False,
586.0,1.0,-0.8731358343600393,0.0,2.0,1.7800208797735741,False,False,True,
587.0,2.0,1.3555096219574048,0.0,0.0,-0.44189357432704424,True,False,True,
588.0,1.0,2.3545575851341902,1.0,1.0,1.7645551179120846,True,False,False,
589.0,3.0,-0.5657364610748746,0.0,0.0,-0.6807536741878222,True,False,True,
590.0,3.0,-0.10463740114712752,0.0,0.0,-0.6807536741878222,True,False,True,
591.0,3.0,0.4333115021019107,0.0,0.0,-0.7091075709338859,True,False,True,
592.0,1.0,1.7397588385638607,1.0,0.0,1.732479127811356,False,False,False,
593.0,3.0,1.3555096219574048,0.0,0.0,-0.7082483619415808,True,False,True,
594.0,3.0,-0.10463740114712752,0.0,2.0,-0.6910641820954817,False,True,False,
595.0,2.0,0.5870111887444931,1.0,0.0,-0.06384161771286326,True,False,True,
596.0,3.0,0.5101613454232019,1.0,1.0,-0.12742308314343012,True,False,True,
597.0,2.0,-0.10463740114712752,0.0,0.0,0.17673690013252463,False,False,True,
598.0,3.0,1.5092093085999871,0.0,0.0,-0.7091075709338859,True,False,True,
599.0,3.0,-0.10463740114712752,0.0,0.0,-0.7091075709338859,True,False,False,
600.0,1.0,1.5092093085999871,1.0,0.0,0.9991442528790756,True,False,False,
601.0,2.0,-0.41203677443229225,2.0,1.0,-0.029473258020664993,False,False,True,
602.0,3.0,-0.10463740114712752,0.0,0.0,-0.6860532752523592,True,False,True,
603.0,1.0,-0.10463740114712752,0.0,0.0,0.4997994812391883,True,False,True,
604.0,3.0,1.1249600919935314,0.0,0.0,-0.6807536741878222,True,False,True,
605.0,1.0,0.4333115021019107,0.0,0.0,-0.044939019882154194,True,False,False,
606.0,3.0,0.5101613454232019,1.0,0.0,-0.42299097649633516,True,False,True,
607.0,3.0,0.04906228549545483,0.0,0.0,-0.6860532752523592,True,False,True,
608.0,1.0,-0.1814872444684187,0.0,0.0,0.09081600090202896,True,False,True,
609.0,2.0,-0.5657364610748746,1.0,2.0,0.47158993160383206,False,False,False,
610.0,1.0,0.8175607187083667,0.0,0.0,2.894557571485825,False,False,True,
611.0,3.0,0.7407108753870755,1.0,5.0,0.11745147966348257,False,False,True,
612.0,3.0,-0.10463740114712752,0.0,0.0,-0.7091075709338859,True,False,True,
613.0,3.0,-0.10463740114712752,1.0,0.0,-0.42470939448094513,False,True,False,
614.0,3.0,-0.10463740114712752,0.0,0.0,-0.6910641820954817,True,True,False,
615.0,3.0,0.4333115021019107,0.0,0.0,-0.6807536741878222,True,False,True,
616.0,2.0,-0.41203677443229225,1.0,2.0,1.2765244102828692,False,False,True,
617.0,3.0,0.35646165878061953,1.0,1.0,-0.4625145901423632,True,False,True,
618.0,3.0,-0.2583370877897099,1.0,0.0,-0.4040883786656261,False,False,True,
619.0,2.0,-1.949033640858116,2.0,1.0,0.38294705828571424,False,False,True,
620.0,2.0,-0.2583370877897099,0.0,0.0,-0.5965511929419365,True,False,True,
621.0,3.0,-0.1814872444684187,1.0,0.0,-0.46065182504704605,True,False,False,
622.0,1.0,0.9712604053509489,1.0,0.0,0.8487826792257082,True,False,True,
623.0,3.0,-0.719436147717457,1.0,1.0,-0.4164025619433408,True,False,False,
624.0,3.0,-0.6425863043961658,0.0,0.0,-0.6874829990155547,True,False,True,
625.0,3.0,-0.6425863043961658,0.0,0.0,-0.4040883786656261,True,False,True,
626.0,1.0,2.4314074284554814,0.0,0.0,0.1533939102295835,True,False,True,
627.0,2.0,2.1240080551703167,0.0,0.0,-0.5329697275113697,True,True,False,
628.0,1.0,-0.6425863043961658,0.0,0.0,1.7218799256822819,False,False,True,
629.0,3.0,-0.2583370877897099,0.0,0.0,-0.6860532752523592,True,False,True,
630.0,3.0,-0.10463740114712752,0.0,0.0,-0.6916381337023414,True,True,False,
631.0,1.0,3.8915544515600136,0.0,0.0,0.07363182105592982,True,False,True,
632.0,3.0,1.6629089952425695,0.0,0.0,-0.7091075709338859,True,False,True,
633.0,1.0,0.20276197213803718,0.0,0.0,0.09081600090202896,True,False,False,
634.0,1.0,-0.10463740114712752,0.0,0.0,-0.7091075709338859,True,False,True,
635.0,3.0,-1.56478442425166,3.0,2.0,0.0014582657023134015,False,False,True,
636.0,2.0,-0.10463740114712752,0.0,0.0,-0.5106302937114408,False,False,True,
637.0,3.0,0.20276197213803718,0.0,0.0,-0.685049719149347,True,False,True,
638.0,2.0,0.12591212881674602,1.0,1.0,-0.0552495277898137,True,False,True,
639.0,3.0,0.8944105620296577,0.0,5.0,0.4065753055741006,False,False,True,
640.0,3.0,-0.10463740114712752,1.0,0.0,-0.4040883786656261,True,False,True,
641.0,3.0,-0.719436147717457,0.0,0.0,-0.6874829990155547,True,False,True,
642.0,1.0,-0.41203677443229225,0.0,0.0,1.4243083569593216,False,False,False,
643.0,3.0,-2.1027333275006983,3.0,2.0,0.0014582657023134015,False,False,True,
644.0,3.0,-0.10463740114712752,0.0,0.0,0.9842490057884768,True,False,True,
645.0,3.0,-2.1987956316523123,2.0,1.0,-0.2955427882497564,False,False,False,
646.0,1.0,1.432359465278696,1.0,0.0,1.6796377747846014,True,False,False,
647.0,3.0,-0.7962859910387481,0.0,0.0,-0.6860532752523592,True,False,True,
648.0,1.0,2.0471582118490255,0.0,0.0,0.2626577993630203,True,False,False,
649.0,3.0,-0.10463740114712752,0.0,0.0,-0.6979378540339214,True,False,True,
650.0,3.0,-0.48888661775358344,0.0,0.0,-0.6979378540339214,False,False,True,
651.0,3.0,-0.10463740114712752,0.0,0.0,-0.6860532752523592,True,False,True,
652.0,2.0,-0.8731358343600393,0.0,1.0,-0.1669466967894581,False,False,True,
653.0,3.0,-0.6425863043961658,0.0,0.0,-0.6675802819178026,True,False,True,
654.0,3.0,-0.10463740114712752,0.0,0.0,-0.6883422080078596,False,True,False,
655.0,3.0,-0.8731358343600393,0.0,0.0,-0.7091075709338859,False,True,False,
656.0,2.0,-0.41203677443229225,2.0,0.0,1.5686554676665545,True,False,True,
657.0,3.0,-0.10463740114712752,0.0,0.0,-0.6860532752523592,True,False,True,
658.0,3.0,0.20276197213803718,1.0,1.0,-0.42470939448094513,False,True,False,
659.0,2.0,-0.48888661775358344,0.0,0.0,-0.5106302937114408,True,False,True,
660.0,1.0,2.200857898491608,0.0,2.0,2.894557571485825,True,False,False,
661.0,1.0,1.5860591519212783,2.0,0.0,2.894557571485825,True,False,True,
662.0,3.0,0.8175607187083667,0.0,0.0,-0.7091075709338859,True,False,False,
663.0,1.0,1.3555096219574048,0.0,0.0,-0.0780185660858951,True,False,True,
664.0,3.0,0.5101613454232019,0.0,0.0,-0.6998006191292385,True,False,True,
665.0,3.0,-0.719436147717457,1.0,0.0,-0.685049719149347,True,False,True,
666.0,2.0,0.20276197213803718,2.0,0.0,1.5686554676665545,True,False,True,
667.0,2.0,-0.33518693111100106,0.0,0.0,-0.5106302937114408,True,False,True,
668.0,3.0,-0.10463740114712752,0.0,0.0,-0.6902049731031766,True,False,True,
669.0,3.0,1.0481102486722402,0.0,0.0,-0.6807536741878222,True,False,True,
670.0,1.0,-0.10463740114712752,1.0,0.0,0.8297357342842918,False,False,True,
671.0,2.0,0.8175607187083667,1.0,1.0,0.38294705828571424,False,False,True,
672.0,1.0,0.12591212881674602,1.0,0.0,0.8297357342842918,True,False,True,
673.0,2.0,3.123056018347102,0.0,0.0,-0.5965511929419365,True,False,True,
674.0,2.0,0.12591212881674602,0.0,0.0,-0.5106302937114408,True,False,True,
675.0,2.0,-0.10463740114712752,0.0,0.0,-0.7091075709338859,True,False,True,
676.0,3.0,-0.8731358343600393,0.0,0.0,-0.6902049731031766,True,False,True,
677.0,3.0,-0.37361185277164666,0.0,0.0,-0.6807536741878222,True,False,True,
678.0,3.0,-0.8731358343600393,0.0,0.0,-0.6191758841273106,False,False,True,
679.0,3.0,1.0481102486722402,1.0,6.0,0.6544570998540805,False,False,True,
680.0,1.0,0.5101613454232019,0.0,1.0,2.894557571485825,True,False,False,
681.0,3.0,-0.10463740114712752,0.0,0.0,-0.6777464427147549,False,True,False,
682.0,1.0,-0.1814872444684187,0.0,0.0,1.6796377747846014,True,False,False,
683.0,3.0,-0.719436147717457,0.0,0.0,-0.6403708515494894,True,False,True,
684.0,3.0,-1.180535207645204,5.0,2.0,0.6544570998540805,True,False,True,
685.0,2.0,2.3545575851341902,1.0,1.0,0.38294705828571424,True,False,True,
686.0,2.0,-0.33518693111100106,1.0,2.0,0.47158993160383206,True,False,False,
687.0,3.0,-1.180535207645204,4.0,1.0,0.4065753055741006,True,False,True,
688.0,3.0,-0.7962859910387481,0.0,0.0,-0.6078652569526082,True,False,True,
689.0,3.0,-0.8731358343600393,0.0,0.0,-0.689490111221579,True,False,True,
690.0,1.0,-1.1036853643239128,0.0,1.0,2.894557571485825,False,False,True,
691.0,1.0,0.12591212881674602,1.0,0.0,1.0015775327452832,True,False,True,
692.0,3.0,-1.949033640858116,0.0,1.0,-0.49630899822770175,False,False,False,
693.0,3.0,-0.10463740114712752,0.0,0.0,0.9842490057884768,True,False,True,
694.0,3.0,-0.33518693111100106,0.0,0.0,-0.7091075709338859,True,False,False,
695.0,1.0,2.3545575851341902,0.0,0.0,-0.044939019882154194,True,False,True,
696.0,2.0,1.7397588385638607,0.0,0.0,-0.49344611386534165,True,False,True,
697.0,3.0,1.1249600919935314,0.0,0.0,-0.6807536741878222,True,False,True,
698.0,3.0,-0.10463740114712752,0.0,0.0,-0.6916381337023414,False,True,False,
699.0,1.0,1.5092093085999871,1.0,1.0,2.85345816854791,True,False,False,
700.0,3.0,0.9712604053509489,0.0,0.0,-0.6945010180647014,True,False,True,
701.0,1.0,-0.8731358343600393,1.0,0.0,2.894557571485825,False,False,False,
702.0,1.0,0.4333115021019107,0.0,0.0,-0.05396071430135621,True,False,True,
703.0,3.0,-0.8731358343600393,0.0,1.0,-0.46065182504704605,False,False,False,
704.0,3.0,-0.33518693111100106,0.0,0.0,-0.691349439480927,True,True,False,
705.0,3.0,-0.2583370877897099,1.0,0.0,-0.6874829990155547,True,False,True,
706.0,2.0,0.7407108753870755,0.0,0.0,-0.06384161771286326,True,False,True,
707.0,2.0,1.2018099353148226,0.0,0.0,-0.49344611386534165,False,False,True,
708.0,1.0,0.9712604053509489,0.0,0.0,-0.05396071430135621,True,False,True,
709.0,1.0,-0.5657364610748746,0.0,0.0,2.894557571485825,False,False,True,
710.0,3.0,-0.10463740114712752,1.0,1.0,-0.43344583151470195,True,False,False,
711.0,1.0,-0.41203677443229225,0.0,0.0,0.7439591821645033,False,False,False,
712.0,1.0,-0.10463740114712752,0.0,0.0,-0.044939019882154194,True,False,True,
713.0,1.0,1.432359465278696,1.0,0.0,0.8297357342842918,True,False,True,
714.0,3.0,-0.027787557825836348,0.0,0.0,-0.6314935042409945,True,False,True,
715.0,2.0,1.7397588385638607,0.0,0.0,-0.5106302937114408,True,False,True,
716.0,3.0,-0.7962859910387481,0.0,0.0,-0.6945010180647014,True,False,True,
717.0,1.0,0.6638610320657843,0.0,0.0,2.894557571485825,False,False,False,
718.0,2.0,-0.1814872444684187,0.0,0.0,-0.5965511929419365,False,False,True,
719.0,3.0,-0.10463740114712752,0.0,0.0,-0.42470939448094513,True,True,False,
720.0,3.0,0.27961181545932834,0.0,0.0,-0.6902049731031766,True,False,True,
721.0,2.0,-1.7953339542155335,0.0,1.0,0.17673690013252463,False,False,True,
722.0,3.0,-0.9499856776813305,1.0,0.0,-0.7091075709338859,True,False,True,
723.0,2.0,0.35646165878061953,0.0,0.0,-0.5106302937114408,True,False,True,
724.0,2.0,1.5860591519212783,0.0,0.0,-0.5106302937114408,True,False,True,
725.0,1.0,-0.1814872444684187,1.0,0.0,0.86754092994571,True,False,True,
726.0,3.0,-0.719436147717457,0.0,0.0,-0.6597030538763509,True,False,True,
727.0,2.0,0.04906228549545483,3.0,0.0,-0.23568341617385463,False,False,True,
728.0,3.0,-0.10463740114712752,0.0,0.0,-0.6914937865916342,False,True,False,
729.0,2.0,-0.33518693111100106,1.0,0.0,-0.06384161771286326,True,False,True,
730.0,3.0,-0.33518693111100106,1.0,0.0,-0.685049719149347,False,False,True,
731.0,1.0,-0.027787557825836348,0.0,0.0,2.894557571485825,False,False,True,
732.0,3.0,-1.4110847376090776,0.0,0.0,-0.31172341199284326,True,False,False,
733.0,2.0,-0.10463740114712752,0.0,0.0,-0.7091075709338859,True,False,True,
734.0,2.0,-0.48888661775358344,0.0,0.0,-0.5106302937114408,True,False,True,
735.0,2.0,-0.48888661775358344,0.0,0.0,-0.5106302937114408,True,False,True,
736.0,3.0,-0.06621247948648194,0.0,0.0,-0.4040883786656261,True,False,True,
737.0,3.0,1.432359465278696,1.0,3.0,0.22399339470929724,False,False,True,
738.0,1.0,0.4333115021019107,0.0,0.0,2.894557571485825,True,False,False,
739.0,3.0,-0.10463740114712752,0.0,0.0,-0.6860532752523592,True,False,True,
740.0,3.0,-0.10463740114712752,0.0,0.0,-0.6860532752523592,True,False,True,
741.0,1.0,-0.10463740114712752,0.0,0.0,0.07363182105592982,True,False,True,
742.0,1.0,0.5101613454232019,1.0,0.0,1.752526192019815,True,False,True,
743.0,1.0,-0.6425863043961658,2.0,2.0,2.894557571485825,False,False,False,
744.0,3.0,-0.41203677443229225,1.0,0.0,-0.4040883786656261,True,False,True,
745.0,3.0,0.12591212881674602,0.0,0.0,-0.685049719149347,True,False,True,
746.0,1.0,3.123056018347102,1.0,1.0,1.4827345684360589,True,False,True,
747.0,3.0,-1.0268355210026217,1.0,1.0,-0.26145968594300334,True,False,True,
748.0,2.0,0.04906228549545483,0.0,0.0,-0.5106302937114408,False,False,True,
749.0,1.0,-0.7962859910387481,1.0,0.0,0.86754092994571,True,False,True,
750.0,3.0,0.12591212881674602,0.0,0.0,-0.6910641820954817,True,True,False,
751.0,2.0,-1.949033640858116,1.0,1.0,-0.1669466967894581,False,False,True,
752.0,3.0,-1.7953339542155335,0.0,1.0,-0.5286736825498449,True,False,True,
753.0,3.0,0.27961181545932834,0.0,0.0,-0.6309195526341347,True,False,True,
754.0,3.0,-0.48888661775358344,0.0,0.0,-0.6860532752523592,True,False,True,
755.0,2.0,1.432359465278696,1.0,2.0,1.2765244102828692,False,False,True,
756.0,2.0,-2.204943619118015,1.0,1.0,-0.4590777541731434,True,False,True,
757.0,3.0,-0.10463740114712752,0.0,0.0,-0.689490111221579,True,False,True,
758.0,2.0,-0.8731358343600393,0.0,0.0,-0.5621828332497382,True,False,True,
759.0,3.0,0.35646165878061953,0.0,0.0,-0.6807536741878222,True,False,True,
760.0,1.0,0.27961181545932834,0.0,0.0,2.015444143665132,False,False,True,
761.0,3.0,-0.10463740114712752,0.0,0.0,-0.4590777541731434,True,False,True,
762.0,3.0,0.8944105620296577,0.0,0.0,-0.7091075709338859,True,False,True,
763.0,3.0,-0.719436147717457,0.0,0.0,-0.7089632238231787,True,False,False,
764.0,1.0,0.5101613454232019,1.0,2.0,2.894557571485825,False,False,True,
765.0,3.0,-1.0268355210026217,0.0,0.0,-0.6902049731031766,True,False,True,
766.0,1.0,1.6629089952425695,1.0,0.0,1.7218799256822819,False,False,True,
767.0,1.0,-0.10463740114712752,0.0,0.0,0.4035680741010333,True,False,False,
768.0,3.0,0.08748720715610042,0.0,0.0,-0.6910641820954817,False,True,False,
769.0,3.0,-0.10463740114712752,1.0,0.0,-0.12742308314343012,True,True,False,
770.0,3.0,0.20276197213803718,0.0,0.0,-0.6700135617840103,True,False,True,
771.0,3.0,-0.41203677443229225,0.0,0.0,-0.6309195526341347,True,False,True,
772.0,3.0,1.432359465278696,0.0,0.0,-0.6874829990155547,True,False,True,
773.0,2.0,2.1240080551703167,0.0,0.0,-0.5965511929419365,False,False,True,
774.0,3.0,-0.10463740114712752,0.0,0.0,-0.7091075709338859,True,False,False,
775.0,2.0,1.893458525206443,1.0,3.0,-0.1669466967894581,False,False,True,
776.0,3.0,-0.8731358343600393,0.0,0.0,-0.6910641820954817,True,False,True,
777.0,3.0,-0.10463740114712752,0.0,0.0,-0.6910641820954817,True,True,False,
778.0,3.0,-1.8721837975368247,0.0,0.0,-0.5286736825498449,False,False,True,
779.0,3.0,-0.10463740114712752,0.0,0.0,-0.6914937865916342,True,True,False,
780.0,1.0,1.0481102486722402,0.0,1.0,2.894557571485825,False,False,True,
781.0,3.0,-1.2573850509664952,0.0,0.0,-0.7089632238231787,False,False,False,
782.0,1.0,-0.9499856776813305,1.0,0.0,1.0015775327452832,False,False,True,
783.0,1.0,-0.027787557825836348,0.0,0.0,0.07363182105592982,True,False,True,
784.0,3.0,-0.10463740114712752,1.0,2.0,-0.15148093492796888,True,False,True,
785.0,3.0,-0.33518693111100106,0.0,0.0,-0.7091075709338859,True,False,True,
786.0,3.0,-0.33518693111100106,0.0,0.0,-0.7082483619415808,True,False,True,
787.0,3.0,-0.8731358343600393,0.0,0.0,-0.6998006191292385,False,False,True,
788.0,3.0,-1.6416342675729512,4.0,1.0,0.043559506325256334,True,True,False,
789.0,3.0,-2.1795831708219895,1.0,2.0,-0.2502899690430389,True,False,True,
790.0,1.0,1.2786597786361138,0.0,0.0,1.7645551179120846,True,False,False,
791.0,3.0,-0.10463740114712752,0.0,0.0,-0.6910641820954817,True,True,False,
792.0,2.0,-1.0268355210026217,0.0,0.0,-0.06384161771286326,True,False,True,
793.0,3.0,-0.10463740114712752,8.0,2.0,1.4329004468823712,False,False,True,
794.0,1.0,-0.10463740114712752,0.0,0.0,0.09754532572976132,True,False,False,
795.0,3.0,-0.33518693111100106,0.0,0.0,-0.6860532752523592,True,False,True,
796.0,2.0,0.7407108753870755,0.0,0.0,-0.5106302937114408,True,False,True,
797.0,1.0,1.5092093085999871,0.0,0.0,-0.06627489757907085,False,False,True,
798.0,3.0,0.12591212881674602,0.0,0.0,-0.6589881919947531,False,False,True,
799.0,3.0,0.04906228549545483,0.0,0.0,-0.7089632238231787,True,False,False,
800.0,3.0,0.04906228549545483,1.0,1.0,-0.12742308314343012,False,False,True,
801.0,2.0,0.35646165878061953,0.0,0.0,-0.5106302937114408,True,False,True,
802.0,2.0,0.12591212881674602,1.0,1.0,-0.0552495277898137,False,False,True,
803.0,1.0,-1.4110847376090776,1.0,2.0,2.894557571485825,True,False,True,
804.0,3.0,-2.224156079948338,0.0,1.0,-0.6647139607194733,True,False,False,
805.0,3.0,-0.1814872444684187,0.0,0.0,-0.7091075709338859,True,False,True,
806.0,3.0,0.12591212881674602,0.0,0.0,-0.6902049731031766,True,False,True,
807.0,1.0,0.7407108753870755,0.0,0.0,-0.7091075709338859,True,False,True,
808.0,3.0,-0.8731358343600393,0.0,0.0,-0.6902049731031766,False,False,True,
809.0,2.0,0.7407108753870755,0.0,0.0,-0.5106302937114408,True,False,True,
810.0,1.0,0.27961181545932834,1.0,0.0,0.86754092994571,False,False,True,
811.0,3.0,-0.2583370877897099,0.0,0.0,-0.6863385326378044,True,False,True,
812.0,3.0,0.7407108753870755,0.0,0.0,-0.12742308314343012,True,False,True,
813.0,2.0,0.4333115021019107,0.0,0.0,-0.5965511929419365,True,False,True,
814.0,3.0,-1.7953339542155335,4.0,2.0,0.11745147966348257,False,False,True,
815.0,3.0,0.08748720715610042,0.0,0.0,-0.6807536741878222,True,False,True,
816.0,1.0,-0.10463740114712752,0.0,0.0,-0.7091075709338859,True,False,True,
817.0,3.0,-0.48888661775358344,0.0,0.0,-0.685049719149347,False,False,True,
818.0,2.0,0.12591212881674602,1.0,1.0,0.3143546860120249,True,False,False,
819.0,3.0,1.0481102486722402,0.0,0.0,-0.7091075709338859,True,False,True,
820.0,3.0,-1.4879345809303688,3.0,2.0,0.0014582657023134015,True,False,True,
821.0,1.0,1.7397588385638607,1.0,1.0,2.25602266151052,False,False,True,
822.0,3.0,-0.1814872444684187,0.0,0.0,-0.6597030538763509,True,False,True,
823.0,1.0,0.6638610320657843,0.0,0.0,-0.7091075709338859,True,False,True,
824.0,3.0,-0.1814872444684187,0.0,1.0,-0.5286736825498449,False,False,True,
825.0,3.0,-2.1027333275006983,4.0,1.0,0.4065753055741006,True,False,True,
826.0,3.0,-0.10463740114712752,0.0,0.0,-0.7091075709338859,True,True,False,
827.0,3.0,-0.10463740114712752,0.0,0.0,0.9842490057884768,True,False,True,
828.0,2.0,-2.1795831708219895,0.0,2.0,0.3143546860120249,True,False,False,
829.0,3.0,-0.10463740114712752,0.0,0.0,-0.6910641820954817,True,True,False,
830.0,1.0,2.5082572717767726,0.0,0.0,1.7920498056658432,False,False,True,
831.0,3.0,-1.1036853643239128,1.0,0.0,-0.46065182504704605,False,False,False,
832.0,2.0,-2.192647644186609,1.0,1.0,-0.31301222548130075,True,False,True,
833.0,3.0,-0.10463740114712752,0.0,0.0,-0.7089632238231787,True,False,False,
834.0,3.0,-0.48888661775358344,0.0,0.0,-0.6874829990155547,True,False,True,
835.0,3.0,-0.8731358343600393,0.0,0.0,-0.6721615842647727,True,False,True,
836.0,1.0,0.7407108753870755,1.0,1.0,1.900595396081713,False,False,False,
837.0,3.0,-0.6425863043961658,0.0,0.0,-0.6597030538763509,True,False,True,
838.0,3.0,-0.10463740114712752,0.0,0.0,-0.6807536741878222,True,False,True,
839.0,3.0,0.20276197213803718,0.0,0.0,0.9842490057884768,True,False,True,
840.0,1.0,-0.10463740114712752,0.0,0.0,0.06332131314827032,True,False,False,
841.0,3.0,-0.719436147717457,0.0,0.0,-0.685049719149347,True,False,True,
842.0,2.0,-1.0268355210026217,0.0,0.0,-0.5965511929419365,True,False,True,
843.0,1.0,0.04906228549545483,0.0,0.0,0.10800018074812809,False,False,False,
844.0,3.0,0.3948865804412651,0.0,0.0,-0.7091075709338859,True,False,False,
845.0,3.0,-0.9499856776813305,0.0,0.0,-0.6597030538763509,True,False,True,
846.0,3.0,0.9712604053509489,0.0,0.0,-0.6979378540339214,True,False,True,
847.0,3.0,-0.10463740114712752,8.0,2.0,1.4329004468823712,True,False,True,
848.0,3.0,0.4333115021019107,0.0,0.0,-0.6860532752523592,True,False,False,
849.0,2.0,-0.10463740114712752,0.0,1.0,0.17673690013252463,True,False,True,
850.0,1.0,-0.10463740114712752,1.0,0.0,2.104946225975555,False,False,False,
851.0,3.0,-1.949033640858116,4.0,2.0,0.11745147966348257,True,False,True,
852.0,3.0,3.430455391632267,0.0,0.0,-0.6902049731031766,True,False,True,
853.0,3.0,-1.56478442425166,1.0,1.0,-0.43344583151470195,False,False,False,
854.0,1.0,-1.0268355210026217,0.0,1.0,0.3966944021625935,False,False,True,
855.0,2.0,1.1249600919935314,1.0,0.0,-0.06384161771286326,False,False,True,
856.0,3.0,-0.8731358343600393,0.0,1.0,-0.6360748065879646,False,False,True,
857.0,1.0,1.2018099353148226,1.0,1.0,2.894557571485825,False,False,True,
858.0,1.0,1.6629089952425695,0.0,0.0,-0.044939019882154194,True,False,True,
859.0,3.0,-0.41203677443229225,0.0,3.0,-0.2955427882497564,False,False,False,
860.0,3.0,-0.10463740114712752,0.0,0.0,-0.7089632238231787,True,False,False,
861.0,3.0,0.8944105620296577,2.0,0.0,-0.47253984066457744,True,False,True,
862.0,2.0,-0.6425863043961658,1.0,0.0,-0.5621828332497382,True,False,True,
863.0,1.0,1.432359465278696,0.0,0.0,-0.06627489757907085,False,False,True,
864.0,3.0,-0.10463740114712752,8.0,2.0,1.4329004468823712,False,False,True,
865.0,2.0,-0.41203677443229225,0.0,0.0,-0.5106302937114408,True,False,True,
866.0,2.0,0.9712604053509489,0.0,0.0,-0.5106302937114408,False,False,True,
867.0,2.0,-0.1814872444684187,1.0,0.0,-0.48113193058762704,False,False,False,
868.0,1.0,0.12591212881674602,0.0,0.0,0.7780388476352872,True,False,True,
869.0,3.0,-0.10463740114712752,0.0,0.0,-0.6309195526341347,True,False,True,
870.0,3.0,-1.949033640858116,1.0,1.0,-0.5747857107488672,True,False,True,
871.0,3.0,-0.2583370877897099,0.0,0.0,-0.6860532752523592,True,False,True,
872.0,1.0,1.3555096219574048,1.0,1.0,0.8487826792257082,False,False,True,
873.0,1.0,0.27961181545932834,0.0,0.0,-0.7091075709338859,True,False,True,
874.0,3.0,1.3555096219574048,0.0,0.0,-0.6481037324802339,True,False,True,
875.0,2.0,-0.10463740114712752,1.0,0.0,-0.1325783370972598,False,False,False,
876.0,3.0,-1.1036853643239128,0.0,0.0,-0.7091075709338859,False,False,False,
877.0,3.0,-0.719436147717457,0.0,0.0,-0.6190349738525726,True,False,True,
878.0,3.0,-0.7962859910387481,0.0,0.0,-0.6860532752523592,True,False,True,
879.0,3.0,-0.10463740114712752,0.0,0.0,-0.6860532752523592,True,False,True,
880.0,1.0,2.0471582118490255,0.0,1.0,1.900595396081713,False,False,False,
881.0,2.0,-0.33518693111100106,0.0,1.0,-0.06384161771286326,False,False,True,
882.0,3.0,0.27961181545932834,0.0,0.0,-0.6860532752523592,True,False,True,
883.0,3.0,-0.5657364610748746,0.0,0.0,-0.5959772413350768,False,False,True,
884.0,2.0,-0.10463740114712752,0.0,0.0,-0.5965511929419365,True,False,True,
885.0,3.0,-0.33518693111100106,0.0,0.0,-0.7091075709338859,True,False,True,
886.0,3.0,0.7407108753870755,0.0,5.0,0.043559506325256334,False,True,False,
887.0,2.0,-0.1814872444684187,0.0,0.0,-0.5106302937114408,True,False,True,
888.0,1.0,-0.7962859910387481,0.0,0.0,0.07363182105592982,False,False,True,
889.0,3.0,-0.10463740114712752,1.0,2.0,-0.15148093492796888,False,False,True,
890.0,1.0,-0.2583370877897099,0.0,0.0,0.07363182105592982,True,False,False,
891.0,3.0,0.20276197213803718,0.0,0.0,-0.6910641820954817,True,True,False,
574.0,2.0,0.00046328802544000347,0.0,0.0,-0.6499369544185908,False,True,True,
748.0,2.0,-1.06280814165288,0.0,0.0,-0.3882325329501701,True,False,True,
444.0,2.0,-0.10463740114712752,0.0,0.0,-0.6480366168629741,True,False,True,
669.0,1.0,0.9245890472703427,1.0,0.0,0.7327375895463297,True,False,True,
577.0,1.0,0.3591330094909754,0.0,0.0,-0.5003800541666208,False,False,True,
557.0,1.0,1.0939685270057975,1.0,0.0,1.0770013221510015,False,False,True,
540.0,1.0,0.11321822588058811,0.0,0.0,1.5464782549906273,True,False,True,
856.0,2.0,-0.4122741726120515,0.0,1.0,0.14810622048307243,False,False,True,
55.0,1.0,-0.09542576644788499,0.0,0.0,0.2235218268009862,True,False,True,
268.0,1.0,1.3446506886580387,0.0,0.0,1.6842873505531037,True,False,True,
622.0,1.0,1.1379808571115317,0.0,0.0,0.8045290872203307,True,False,True,
195.0,1.0,1.4726934176084088,0.0,0.0,0.9323481793700441,False,False,False,
764.0,1.0,0.5165021702060636,0.0,0.0,0.5521354050693617,True,False,True,
33.0,1.0,-0.10463740114712752,0.0,0.0,1.8243802140520808,True,False,False,
715.0,1.0,0.9433098117641058,0.0,0.0,2.1437272278401482,True,False,True,
570.0,2.0,0.21143614222502644,0.0,0.0,-0.6695093392379803,True,False,True,
447.0,1.0,0.2698840737809376,0.0,0.0,0.02644324788321084,True,False,True,
874.0,2.0,-0.4845036047957778,0.0,0.0,-0.31685838710475245,False,False,True,
58.0,2.0,-1.2607682812236094,0.0,1.0,-0.29849285574584616,False,False,True,
875.0,2.0,-0.8030935017373954,0.0,0.0,-0.5356424294971647,False,False,False,
690.0,1.0,-1.3444747853330554,0.0,1.0,1.9287014614005964,False,False,True,
391.0,2.0,-0.6000649625242174,0.0,0.0,-0.5572855330334157,True,False,True,
195.0,3.0,-0.5262417131925481,0.0,0.0,-0.6888812206165059,False,True,True,
781.0,2.0,-1.1045088943854813,0.0,0.0,0.14172457604029098,False,False,True,
741.0,1.0,-0.13233033892268936,0.0,0.0,0.21884955605699996,True,False,True,
417.0,2.0,0.013838664882773855,0.0,1.0,-0.027191406955515418,False,False,True,
219.0,1.0,0.08996593548715515,0.0,0.0,1.4494525276502679,True,False,True,
618.0,2.0,-1.5808277655879335,1.0,1.0,0.5970141381873394,False,False,True,
489.0,2.0,-1.2752705705766654,1.0,0.0,-0.04195893865852718,True,False,True,
164.0,1.0,0.3661883034223162,0.0,0.0,0.24413396975627877,False,False,True,
608.0,2.0,-0.5635309403682106,1.0,1.0,0.46439990237082657,False,False,True,
260.0,2.0,-1.560835741910622,3.0,1.0,0.5190721461960717,True,False,True,
691.0,2.0,-1.2687326819211795,0.0,0.0,-0.00520525070213651,True,False,True,
9.0,2.0,-0.41964068223556195,0.0,1.0,-0.4196356438991167,False,False,True,
140.0,2.0,-0.6205236851440916,0.0,0.0,-0.5396987810327157,False,False,True,
382.0,2.0,-1.4694411159221112,0.0,1.0,-0.07772254565999859,False,False,True,
439.0,2.0,0.6082643366753693,1.0,1.0,-0.15005030024495464,False,False,True,
829.0,1.0,0.7845656739255942,0.0,0.0,1.2487099260088113,True,False,True,
273.0,1.0,1.7965379544199258,0.0,0.0,2.1516314417241396,False,False,True,
551.0,2.0,-1.1421752684481072,0.0,0.0,-0.16544316534795123,True,False,True,
288.0,2.0,0.8879953491645887,0.0,0.0,-0.521491183239586,True,False,True,
888.0,1.0,-0.707687149173125,0.0,0.0,0.07363182105592982,True,False,True,
772.0,1.0,1.8195028320054285,1.0,2.0,0.4389512298873711,False,False,True,
361.0,3.0,-0.10463740114712752,0.0,0.0,-0.6874520053381538,False,True,False,
507.0,1.0,-0.08896958494769214,0.0,0.0,-0.04570977598445413,True,False,True,
82.0,3.0,0.14338172514830938,1.0,0.0,-0.48122004017605446,False,False,True,
485.0,3.0,1.247034188322523,0.0,0.0,-0.5579598222255311,True,False,True,
357.0,1.0,-0.5580878287499978,0.0,0.0,0.9059774115652321,False,True,True,
486.0,3.0,0.5603462257442513,0.0,0.0,-0.5220607781524571,True,False,True,
307.0,1.0,-0.06982507147333569,0.0,0.0,2.4334639007581735,False,False,False,
829.0,2.0,0.8224887246004733,0.0,0.0,0.1900122252771328,True,True,True,
645.0,1.0,1.1107586792900568,0.0,0.0,1.6351168959784839,True,False,False,
431.0,2.0,-0.10463740114712752,0.0,0.0,-0.29308886548095725,True,False,True,
792.0,2.0,-0.7529967338619132,0.0,1.0,-0.17912483665590306,True,False,True,
577.0,1.0,0.38077311104321093,0.0,0.0,-0.29778437881367026,False,False,True,
779.0,1.0,1.164363341793412,0.0,1.0,2.47353661400562,False,False,True,
338.0,1.0,0.9992541445911652,0.0,0.0,1.6751392110549599,True,False,True,
10.0,2.0,-1.2677394309297487,1.0,0.0,0.023920334133514687,False,False,True,
432.0,2.0,-0.023615430237726387,1.0,0.0,-0.3784656262058348,False,False,True,
82.0,3.0,-0.08578449819840778,0.0,0.0,-0.6700145316238365,False,True,True,
666.0,2.0,-0.3229806741984864,1.0,0.0,-0.4095688919832065,True,False,True,
223.0,1.0,0.08899723070750509,0.0,0.0,1.1780828623455475,True,False,True,
319.0,1.0,0.25233013631106793,0.0,1.0,2.894557571485825,False,False,True,
192.0,2.0,-0.35191026784450374,0.0,0.0,-0.6088190592298454,False,False,True,
7.0,1.0,-0.42146334109358674,1.0,0.0,0.448335299348575,False,False,True,
132.0,2.0,-0.04637386848843139,1.0,0.0,-0.09411167038077552,False,False,True,
394.0,2.0,-0.41919170755095414,0.0,1.0,-0.07827416852686225,False,False,True,
702.0,1.0,0.5123010310737558,0.0,0.0,-0.09913288798611974,True,False,True,
304.0,1.0,-0.10463740114712752,0.0,0.0,-0.19574265834549154,False,True,False,
456.0,1.0,0.48748060484342015,1.0,0.0,1.2946167897974377,True,False,True,
704.0,1.0,0.6156922063653099,0.0,0.0,-0.05396071430135621,True,False,True,
41.0,2.0,-1.475738919693259,1.0,0.0,-0.20695677842027516,False,False,False,
711.0,1.0,0.09340954097358889,0.0,0.0,0.7674657591590223,True,False,True,
487.0,1.0,0.22772793164957728,1.0,0.0,1.8737045694289582,True,False,True,
755.0,1.0,1.3021986062176087,0.0,1.0,1.3599584795601265,False,False,True,
750.0,2.0,-1.5092038657454308,0.0,0.0,-0.2425998609595979,False,False,True,
289.0,1.0,-0.14829784016161585,0.0,0.0,0.8993280423254728,True,False,True,
394.0,3.0,-0.43143520381307754,0.0,1.0,-0.4092161061859546,True,False,True,
12.0,1.0,1.8282236578598228,0.0,0.0,-0.12020810163626444,True,False,True,
107.0,3.0,-0.15921006416819394,0.0,0.0,-0.6906407888704227,True,False,True,
566.0,3.0,0.32374543254193217,0.0,0.0,-0.5583628078623991,True,False,True,
829.0,3.0,-0.11382569683195314,0.0,0.0,-0.688945067754598,True,True,False,
725.0,1.0,-0.17368917229759445,0.0,0.0,0.7093432718769587,True,True,True,
532.0,2.0,-0.7769931455175045,0.0,1.0,-0.14688500515144096,False,False,True,
527.0,2.0,1.567388019495383,0.0,0.0,-0.593854838761231,False,False,True,
725.0,1.0,-0.15677109735594488,0.0,0.0,1.1935015262626183,True,False,True,
307.0,1.0,-0.4861145145642045,0.0,0.0,2.8226986146266557,False,False,False,
572.0,1.0,1.224663537288804,1.0,0.0,0.3487857156844383,False,True,True,
779.0,3.0,-1.4713588323822127,0.0,0.0,-0.6462154789535537,False,False,True,
367.0,1.0,1.8030356237320082,0.0,0.0,1.1085257371842543,False,True,False,
233.0,2.0,-1.2086143452152078,3.0,1.0,0.6365637223090777,False,False,True,
377.0,1.0,-0.596916391607834,0.0,0.0,1.3250029283133133,False,False,False,
826.0,3.0,-0.4815702343124407,0.0,0.0,-0.5065393906502015,False,False,True,
81.0,2.0,-0.5765981964352287,0.0,0.0,-0.4610223984417681,True,False,True,
104.0,2.0,-0.29255276582513046,0.0,0.0,-0.5096633399243801,False,False,True,
513.0,1.0,0.7187301764639411,0.0,0.0,0.11762640842840755,True,False,True,
145.0,2.0,-0.5657364610748746,0.0,0.0,0.0014404384260096048,False,False,True,
427.0,2.0,-0.49770724526738286,0.0,0.0,-0.06384161771286326,False,False,True,
661.0,1.0,1.514070239613806,1.0,0.0,2.6592830397872085,True,False,True,
261.0,2.0,-0.6977150971410364,2.0,1.0,0.053231831977273936,True,False,True,
764.0,1.0,0.8158727514948427,1.0,1.0,2.5835606832912936,False,False,True,
650.0,2.0,-0.5826394470820848,0.0,0.0,-0.5683815109403979,False,False,True,
526.0,1.0,1.5736143440896595,0.0,0.0,-0.5525102959649095,False,False,True,
184.0,2.0,-2.0889546751701995,1.0,1.0,0.1536127034615595,True,False,True,
375.0,1.0,-0.13782222242965747,0.0,0.0,1.8189036198243258,False,False,False,
194.0,1.0,-0.46680185021314813,0.0,0.0,1.0273975720635484,True,False,True,
448.0,2.0,-1.7460340441438302,1.0,1.0,-0.29383832010966754,False,False,True,
549.0,1.0,-0.5250822773026946,0.0,0.0,1.1774420486331933,True,False,False,
403.0,2.0,-0.429824450960129,0.0,0.0,-0.5276421008050511,True,False,True,
108.0,3.0,-0.36958675436773103,0.0,0.0,-0.40671899986641846,False,True,True,
390.0,1.0,0.5101613454232019,0.0,1.0,2.229718518671066,True,False,True,
83.0,3.0,0.057530487999400026,0.0,0.0,-0.570347756490051,True,False,True,
215.0,2.0,0.09901781234445242,0.0,0.0,-0.4623832252216487,True,False,True,
276.0,1.0,2.5327841252050995,1.0,0.0,1.6736531062638287,False,False,True,
543.0,1.0,0.046989570709150885,0.0,1.0,0.9344304639560329,False,False,True,
600.0,1.0,-0.07176357535831368,1.0,0.0,0.15270588818477562,True,False,True,
10.0,2.0,-1.8071854384863173,1.0,0.0,-0.30898055811098835,False,False,True,
25.0,2.0,0.6284552156763834,0.0,4.0,0.12782964949145534,True,False,True,
291.0,1.0,-0.7504873831304002,0.0,0.0,2.1370414486407454,False,False,True,
707.0,1.0,0.5475372585860178,0.0,0.0,0.7606529267649018,False,False,True,
582.0,1.0,0.7157662656581399,0.0,1.0,2.836866460007538,False,False,True,
341.0,1.0,-0.3183887514512621,2.0,1.0,2.894557571485825,False,False,True,
776.0,2.0,0.2810701743749837,0.0,1.0,-0.32183245811065864,False,False,True,
556.0,1.0,1.3657325950463295,0.0,0.0,0.3670960139168521,False,False,True,
582.0,1.0,0.7994226556621093,1.0,1.0,2.8138438506181966,True,False,False,
781.0,3.0,-1.200904049381272,0.0,0.0,-0.7076164075698791,False,False,True,
317.0,1.0,-0.049983154885485215,1.0,0.0,0.8072557458462511,False,False,True,
223.0,1.0,0.012777629724036732,0.0,0.0,1.0511106266848476,True,False,True,
886.0,1.0,-0.7276452502174554,0.0,0.0,0.05316706738278372,False,False,True,
239.0,3.0,-0.6648117492977031,1.0,0.0,-0.2516613230647097,False,True,True,
165.0,1.0,-0.2609432934701855,0.0,0.0,0.6575034146894086,False,True,True,
214.0,2.0,0.16083347377975196,0.0,0.0,-0.43484199434635135,False,False,True,
786.0,3.0,-0.8976683123728215,0.0,0.0,-0.7003856076951986,False,False,True,
128.0,3.0,-0.1980776511466049,0.0,0.0,-0.34709781186362115,True,False,True,
521.0,1.0,0.7744871991541744,0.0,0.0,0.4086923906705847,False,False,True,
18.0,2.0,-0.10463740114712752,0.0,0.0,-0.5299176196050868,True,False,True,
539.0,1.0,0.22658209134344393,0.0,0.0,2.231505339325214,False,False,True,
53.0,1.0,1.4755774659099394,1.0,0.0,1.6628950749067397,False,False,True,
98.0,1.0,0.2380418779304329,0.0,1.0,0.027356636359492287,True,False,True,
392.0,1.0,0.06596585644289765,0.0,2.0,1.3156301618038013,True,False,True,
462.0,1.0,1.291001562139078,0.0,0.0,-0.03988163623583897,True,False,True,
546.0,2.0,-0.024949836708923007,0.0,0.0,-0.37285025817364603,True,False,True,
547.0,2.0,-1.0524132122053909,1.0,0.0,0.0480989062285363,True,False,True,
287.0,2.0,0.44538722013378407,0.0,0.0,-0.5612447070890809,True,False,True,
232.0,2.0,-1.0433786381379613,2.0,1.0,0.7648652951798074,False,False,True,
830.0,2.0,-1.4195601855738063,0.0,0.0,-0.23311623414822294,True,False,False,
424.0,2.0,0.12977164417172393,0.0,0.0,-0.18226801237810075,True,False,True,
38.0,2.0,-0.46945629784004805,0.0,0.0,-0.4847919927383621,True,False,False,
342.0,2.0,-2.0925178560105167,1.0,1.0,-0.10998353203056149,True,False,True,
376.0,2.0,-0.5257317614188128,0.0,0.0,-0.48485102667671076,False,False,True,
823.0,3.0,-0.1814872444684187,0.0,0.0,-0.5927021808210148,True,False,True,
493.0,2.0,0.1590933350660828,1.0,0.0,0.657508450132489,True,False,True,
327.0,2.0,0.2931475709134683,0.0,0.0,-0.3997140722567152,False,False,True,
765.0,1.0,1.2594057390946287,1.0,0.0,2.1323593992841383,False,False,True,
332.0,2.0,-0.10463740114712752,1.0,0.0,0.751514343105895,False,True,True,
525.0,1.0,0.4658414349199522,0.0,1.0,0.8107923389571279,False,False,True,
631.0,1.0,3.485806983680061,0.0,0.0,0.07552198904424695,True,False,True,
285.0,2.0,-0.19886386954864566,0.0,0.0,-0.6232527955195941,True,False,True,
393.0,3.0,-0.555995831202583,0.0,0.0,-0.5745531838133061,True,False,True,
226.0,2.0,-0.8179534830941535,0.0,0.0,-0.6044647054688392,True,False,True,
446.0,1.0,-1.5490669967757846,0.0,1.0,0.6165740077458441,True,False,True,
408.0,2.0,-1.940256582772799,1.0,1.0,-0.29602716681377456,True,False,True,
227.0,1.0,0.5565176278332346,1.0,0.0,2.0313213955493654,True,False,True,
108.0,3.0,-0.3506712183012499,0.0,0.0,-0.38677921921862124,False,True,True,
534.0,2.0,-1.8285873625499687,0.0,1.0,-0.05771151599476314,False,False,True,
822.0,1.0,0.9536488431249833,0.0,1.0,1.1166175381059444,False,False,True,
449.0,1.0,1.64834520082989,0.0,0.0,0.07928532173534977,True,False,True,
762.0,2.0,-0.6390704790135452,0.0,0.0,-0.6348088569053548,True,False,True,
830.0,1.0,1.8675006732030348,0.0,0.0,1.392421799376303,False,False,True,
445.0,1.0,0.06144616500237801,0.0,0.0,-0.342892655091242,True,False,True,
381.0,3.0,-1.9745269805399634,0.0,1.0,-0.4534846389064166,False,False,True,
646.0,1.0,0.01862514562005302,0.0,0.0,-0.004026293610352449,True,False,False,
310.0,1.0,-0.3413329368032577,0.0,0.0,2.11975997676127,False,False,False,
526.0,1.0,1.4865442790298435,0.0,0.0,-0.24437827681555357,False,False,True,
44.0,2.0,-1.2599789166111721,0.0,0.0,-0.24985036456055604,False,True,False,
272.0,1.0,1.0059125303445455,0.0,1.0,-0.01567794403222511,False,False,True,
738.0,1.0,0.4055093768812356,0.0,0.0,2.748767273414762,True,False,True,
128.0,3.0,-0.24869869369607395,0.0,0.0,-0.43274646818546525,True,False,True,
387.0,1.0,-0.3145475369131192,0.0,0.0,0.08650604141503204,False,False,True,
868.0,1.0,0.3757818607885399,1.0,0.0,0.0010553404913681286,False,False,True,
602.0,1.0,-0.3488872601690204,1.0,0.0,0.0034750124583395325,True,False,True,
301.0,3.0,-0.10463740114712752,1.0,0.0,-0.17121843535858716,True,True,False,
547.0,2.0,-0.749500448830161,1.0,0.0,0.12691064014308107,True,False,True,
288.0,1.0,-0.43207116820563085,0.0,0.0,0.9666827087504497,True,False,True,
606.0,1.0,-0.22870697099460643,0.0,0.0,0.06617910005361935,True,False,True,
645.0,1.0,1.0160911437618365,0.0,0.0,1.4913040689750185,True,False,True,
573.0,2.0,0.2702317419455426,0.0,0.0,-0.6098497157125726,True,False,True,
310.0,1.0,-0.4542422987282525,0.0,0.0,1.9700057570230711,False,False,False,
348.0,2.0,-1.9849712703287277,0.0,0.0,-0.41348871466175025,True,False,True,
306.0,1.0,-0.18236955218020068,0.0,0.0,2.854993296403432,True,False,True,
828.0,2.0,-2.003114542258993,0.0,1.0,0.18723821146586028,True,False,False,
518.0,1.0,0.2630043202712976,0.0,0.0,0.2707048378343315,False,False,True,
336.0,1.0,0.4858469558774323,0.0,0.0,2.894557571485825,False,False,True,
413.0,1.0,0.4261058702643844,0.0,0.0,1.6469077094390647,True,True,True,
540.0,1.0,0.43802837210968726,0.0,1.0,1.6731965336801609,False,False,True,
857.0,1.0,0.7979562574743081,0.0,1.0,2.096257612029675,False,False,True,
827.0,3.0,-0.6879830420349069,0.0,0.0,-0.4913142646264677,False,False,True,
706.0,1.0,0.8177275949846438,0.0,0.0,-0.05396071430135621,True,False,True,
693.0,1.0,0.04757079373852777,0.0,0.0,0.4262184075037454,True,True,True,
867.0,1.0,1.0788247859540199,0.0,0.0,-0.13008452263827514,False,False,True,
797.0,3.0,0.021854245535226635,0.0,0.0,-0.6405417124083761,True,False,True,
709.0,2.0,0.17735873125627777,0.0,0.0,-0.3339816122250163,True,False,True,
777.0,1.0,1.4248362823261795,0.0,1.0,1.5302106011098955,False,False,True,
645.0,1.0,1.092303817711493,0.0,0.0,0.7137026110029608,True,False,False,
83.0,3.0,0.18287321829378939,1.0,0.0,-0.4613512284079823,False,False,True,
637.0,2.0,-0.10463740114712752,0.0,0.0,-0.14030236566152904,True,False,True,
723.0,2.0,-1.1387792842712987,1.0,0.0,0.029926535406742227,False,False,True,
,,,,,,,,,0.0
,,,,,,,,,1.0
,,,,,,,,,1.0
,,,,,,,,,1.0
,,,,,,,,,0.0
,,,,,,,,,0.0
,,,,,,,,,0.0
,,,,,,,,,0.0
,,,,,,,,,1.0
,,,,,,,,,1.0
,,,,,,,,,1.0
,,,,,,,,,1.0
,,,,,,,,,0.0
,,,,,,,,,0.0
,,,,,,,,,0.0
,,,,,,,,,1.0
,,,,,,,,,0.0
,,,,,,,,,1.0
,,,,,,,,,0.0
,,,,,,,,,1.0
,,,,,,,,,0.0
,,,,,,,,,1.0
,,,,,,,,,1.0
,,,,,,,,,1.0
,,,,,,,,,0.0
,,,,,,,,,1.0
,,,,,,,,,0.0
,,,,,,,,,0.0
,,,,,,,,,1.0
,,,,,,,,,0.0
,,,,,,,,,0.0
,,,,,,,,,1.0
,,,,,,,,,1.0
,,,,,,,,,0.0
,,,,,,,,,0.0
,,,,,,,,,0.0
,,,,,,,,,1.0
,,,,,,,,,0.0
,,,,,,,,,0.0
,,,,,,,,,1.0
,,,,,,,,,0.0
,,,,,,,,,0.0
,,,,,,,,,0.0
,,,,,,,,,1.0
,,,,,,,,,1.0
,,,,,,,,,0.0
,,,,,,,,,0.0
,,,,,,,,,1.0
,,,,,,,,,0.0
,,,,,,,,,0.0
,,,,,,,,,0.0
,,,,,,,,,0.0
,,,,,,,,,1.0
,,,,,,,,,1.0
,,,,,,,,,0.0
,,,,,,,,,1.0
,,,,,,,,,1.0
,,,,,,,,,0.0
,,,,,,,,,1.0
,,,,,,,,,0.0
,,,,,,,,,0.0
,,,,,,,,,1.0
,,,,,,,,,0.0
,,,,,,,,,0.0
,,,,,,,,,0.0
,,,,,,,,,1.0
,,,,,,,,,1.0
,,,,,,,,,0.0
,,,,,,,,,1.0
,,,,,,,,,0.0
,,,,,,,,,0.0
,,,,,,,,,0.0
,,,,,,,,,0.0
,,,,,,,,,0.0
,,,,,,,,,1.0
,,,,,,,,,0.0
,,,,,,,,,0.0
,,,,,,,,,0.0
,,,,,,,,,1.0
,,,,,,,,,1.0
,,,,,,,,,0.0
,,,,,,,,,1.0
,,,,,,,,,1.0
,,,,,,,,,0.0
,,,,,,,,,1.0
,,,,,,,,,1.0
,,,,,,,,,0.0
,,,,,,,,,0.0
,,,,,,,,,1.0
,,,,,,,,,0.0
,,,,,,,,,0.0
,,,,,,,,,0.0
,,,,,,,,,0.0
,,,,,,,,,0.0
,,,,,,,,,0.0
,,,,,,,,,0.0
,,,,,,,,,0.0
,,,,,,,,,1.0
,,,,,,,,,1.0
,,,,,,,,,0.0
,,,,,,,,,0.0
,,,,,,,,,0.0
,,,,,,,,,0.0
,,,,,,,,,0.0
,,,,,,,,,0.0
,,,,,,,,,0.0
,,,,,,,,,1.0
,,,,,,,,,1.0
,,,,,,,,,0.0
,,,,,,,,,1.0
,,,,,,,,,0.0
,,,,,,,,,0.0
,,,,,,,,,0.0
,,,,,,,,,0.0
,,,,,,,,,0.0
,,,,,,,,,0.0
,,,,,,,,,0.0
,,,,,,,,,0.0
,,,,,,,,,0.0
,,,,,,,,,0.0
,,,,,,,,,0.0
,,,,,,,,,0.0
,,,,,,,,,0.0
,,,,,,,,,1.0
,,,,,,,,,0.0
,,,,,,,,,1.0
,,,,,,,,,0.0
,,,,,,,,,1.0
,,,,,,,,,1.0
,,,,,,,,,0.0
,,,,,,,,,0.0
,,,,,,,,,0.0
,,,,,,,,,0.0
,,,,,,,,,1.0
,,,,,,,,,0.0
,,,,,,,,,0.0
,,,,,,,,,1.0
,,,,,,,,,0.0
,,,,,,,,,0.0
,,,,,,,,,0.0
,,,,,,,,,0.0
,,,,,,,,,1.0
,,,,,,,,,1.0
,,,,,,,,,0.0
,,,,,,,,,0.0
,,,,,,,,,0.0
,,,,,,,,,1.0
,,,,,,,,,0.0
,,,,,,,,,0.0
,,,,,,,,,0.0
,,,,,,,,,0.0
,,,,,,,,,1.0
,,,,,,,,,0.0
,,,,,,,,,0.0
,,,,,,,,,0.0
,,,,,,,,,0.0
,,,,,,,,,1.0
,,,,,,,,,0.0
,,,,,,,,,0.0
,,,,,,,,,0.0
,,,,,,,,,0.0
,,,,,,,,,1.0
,,,,,,,,,0.0
,,,,,,,,,0.0
,,,,,,,,,0.0
,,,,,,,,,1.0
,,,,,,,,,1.0
,,,,,,,,,0.0
,,,,,,,,,0.0
,,,,,,,,,0.0
,,,,,,,,,0.0
,,,,,,,,,0.0
,,,,,,,,,1.0
,,,,,,,,,0.0
,,,,,,,,,0.0
,,,,,,,,,0.0
,,,,,,,,,0.0
,,,,,,,,,0.0
,,,,,,,,,0.0
,,,,,,,,,0.0
,,,,,,,,,0.0
,,,,,,,,,0.0
,,,,,,,,,0.0
,,,,,,,,,1.0
,,,,,,,,,1.0
,,,,,,,,,0.0
,,,,,,,,,1.0
,,,,,,,,,1.0
,,,,,,,,,0.0
,,,,,,,,,0.0
,,,,,,,,,1.0
,,,,,,,,,0.0
,,,,,,,,,1.0
,,,,,,,,,1.0
,,,,,,,,,1.0
,,,,,,,,,1.0
,,,,,,,,,0.0
,,,,,,,,,0.0
,,,,,,,,,1.0
,,,,,,,,,0.0
,,,,,,,,,0.0
,,,,,,,,,0.0
,,,,,,,,,0.0
,,,,,,,,,0.0
,,,,,,,,,1.0
,,,,,,,,,0.0
,,,,,,,,,0.0
,,,,,,,,,1.0
,,,,,,,,,1.0
,,,,,,,,,1.0
,,,,,,,,,0.0
,,,,,,,,,1.0
,,,,,,,,,0.0
,,,,,,,,,0.0
,,,,,,,,,0.0
,,,,,,,,,1.0
,,,,,,,,,1.0
,,,,,,,,,0.0
,,,,,,,,,1.0
,,,,,,,,,0.0
,,,,,,,,,1.0
,,,,,,,,,0.0
,,,,,,,,,0.0
,,,,,,,,,0.0
,,,,,,,,,1.0
,,,,,,,,,0.0
,,,,,,,,,1.0
,,,,,,,,,0.0
,,,,,,,,,0.0
,,,,,,,,,0.0
,,,,,,,,,1.0
,,,,,,,,,0.0
,,,,,,,,,0.0
,,,,,,,,,1.0
,,,,,,,,,0.0
,,,,,,,,,0.0
,,,,,,,,,0.0
,,,,,,,,,1.0
,,,,,,,,,0.0
,,,,,,,,,0.0
,,,,,,,,,0.0
,,,,,,,,,1.0
,,,,,,,,,0.0
,,,,,,,,,0.0
,,,,,,,,,0.0
,,,,,,,,,0.0
,,,,,,,,,0.0
,,,,,,,,,1.0
,,,,,,,,,1.0
,,,,,,,,,0.0
,,,,,,,,,0.0
,,,,,,,,,0.0
,,,,,,,,,0.0
,,,,,,,,,0.0
,,,,,,,,,0.0
,,,,,,,,,1.0
,,,,,,,,,1.0
,,,,,,,,,1.0
,,,,,,,,,1.0
,,,,,,,,,1.0
,,,,,,,,,0.0
,,,,,,,,,1.0
,,,,,,,,,0.0
,,,,,,,,,0.0
,,,,,,,,,0.0
,,,,,,,,,0.0
,,,,,,,,,0.0
,,,,,,,,,1.0
,,,,,,,,,1.0
,,,,,,,,,1.0
,,,,,,,,,0.0
,,,,,,,,,1.0
,,,,,,,,,1.0
,,,,,,,,,0.0
,,,,,,,,,1.0
,,,,,,,,,1.0
,,,,,,,,,0.0
,,,,,,,,,0.0
,,,,,,,,,0.0
,,,,,,,,,1.0
,,,,,,,,,0.0
,,,,,,,,,0.0
,,,,,,,,,0.0
,,,,,,,,,1.0
,,,,,,,,,0.0
,,,,,,,,,0.0
,,,,,,,,,1.0
,,,,,,,,,0.0
,,,,,,,,,1.0
,,,,,,,,,1.0
,,,,,,,,,1.0
,,,,,,,,,1.0
,,,,,,,,,0.0
,,,,,,,,,0.0
,,,,,,,,,0.0
,,,,,,,,,0.0
,,,,,,,,,0.0
,,,,,,,,,0.0
,,,,,,,,,1.0
,,,,,,,,,1.0
,,,,,,,,,1.0
,,,,,,,,,1.0
,,,,,,,,,0.0
,,,,,,,,,1.0
,,,,,,,,,0.0
,,,,,,,,,1.0
,,,,,,,,,1.0
,,,,,,,,,1.0
,,,,,,,,,0.0
,,,,,,,,,1.0
,,,,,,,,,1.0
,,,,,,,,,1.0
,,,,,,,,,0.0
,,,,,,,,,0.0
,,,,,,,,,0.0
,,,,,,,,,1.0
,,,,,,,,,1.0
,,,,,,,,,0.0
,,,,,,,,,1.0
,,,,,,,,,1.0
,,,,,,,,,0.0
,,,,,,,,,0.0
,,,,,,,,,1.0
,,,,,,,,,1.0
,,,,,,,,,0.0
,,,,,,,,,1.0
,,,,,,,,,0.0
,,,,,,,,,1.0
,,,,,,,,,1.0
,,,,,,,,,1.0
,,,,,,,,,1.0
,,,,,,,,,0.0
,,,,,,,,,0.0
,,,,,,,,,0.0
,,,,,,,,,1.0
,,,,,,,,,0.0
,,,,,,,,,0.0
,,,,,,,,,1.0
,,,,,,,,,1.0
,,,,,,,,,0.0
,,,,,,,,,1.0
,,,,,,,,,1.0
,,,,,,,,,0.0
,,,,,,,,,0.0
,,,,,,,,,0.0
,,,,,,,,,1.0
,,,,,,,,,1.0
,,,,,,,,,1.0
,,,,,,,,,1.0
,,,,,,,,,0.0
,,,,,,,,,0.0
,,,,,,,,,0.0
,,,,,,,,,0.0
,,,,,,,,,0.0
,,,,,,,,,0.0
,,,,,,,,,0.0
,,,,,,,,,1.0
,,,,,,,,,0.0
,,,,,,,,,1.0
,,,,,,,,,1.0
,,,,,,,,,0.0
,,,,,,,,,0.0
,,,,,,,,,0.0
,,,,,,,,,0.0
,,,,,,,,,0.0
,,,,,,,,,0.0
,,,,,,,,,1.0
,,,,,,,,,1.0
,,,,,,,,,1.0
,,,,,,,,,1.0
,,,,,,,,,1.0
,,,,,,,,,0.0
,,,,,,,,,0.0
,,,,,,,,,0.0
,,,,,,,,,0.0
,,,,,,,,,1.0
,,,,,,,,,1.0
,,,,,,,,,0.0
,,,,,,,,,0.0
,,,,,,,,,0.0
,,,,,,,,,1.0
,,,,,,,,,1.0
,,,,,,,,,0.0
,,,,,,,,,1.0
,,,,,,,,,0.0
,,,,,,,,,0.0
,,,,,,,,,0.0
,,,,,,,,,1.0
,,,,,,,,,0.0
,,,,,,,,,1.0
,,,,,,,,,1.0
,,,,,,,,,1.0
,,,,,,,,,0.0
,,,,,,,,,1.0
,,,,,,,,,1.0
,,,,,,,,,0.0
,,,,,,,,,0.0
,,,,,,,,,0.0
,,,,,,,,,0.0
,,,,,,,,,1.0
,,,,,,,,,1.0
,,,,,,,,,0.0
,,,,,,,,,0.0
,,,,,,,,,0.0
,,,,,,,,,0.0
,,,,,,,,,0.0
,,,,,,,,,0.0
,,,,,,,,,1.0
,,,,,,,,,0.0
,,,,,,,,,0.0
,,,,,,,,,0.0
,,,,,,,,,0.0
,,,,,,,,,1.0
,,,,,,,,,0.0
,,,,,,,,,1.0
,,,,,,,,,0.0
,,,,,,,,,1.0
,,,,,,,,,1.0
,,,,,,,,,0.0
,,,,,,,,,0.0
,,,,,,,,,0.0
,,,,,,,,,0.0
,,,,,,,,,0.0
,,,,,,,,,0.0
,,,,,,,,,0.0
,,,,,,,,,0.0
,,,,,,,,,1.0
,,,,,,,,,1.0
,,,,,,,,,0.0
,,,,,,,,,1.0
,,,,,,,,,1.0
,,,,,,,,,1.0
,,,,,,,,,1.0
,,,,,,,,,0.0
,,,,,,,,,0.0
,,,,,,,,,1.0
,,,,,,,,,0.0
,,,,,,,,,1.0
,,,,,,,,,0.0
,,,,,,,,,0.0
,,,,,,,,,1.0
,,,,,,,,,0.0
,,,,,,,,,0.0
,,,,,,,,,1.0
,,,,,,,,,1.0
,,,,,,,,,1.0
,,,,,,,,,1.0
,,,,,,,,,1.0
,,,,,,,,,1.0
,,,,,,,,,1.0
,,,,,,,,,0.0
,,,,,,,,,0.0
,,,,,,,,,0.0
,,,,,,,,,1.0
,,,,,,,,,0.0
,,,,,,,,,1.0
,,,,,,,,,0.0
,,,,,,,,,1.0
,,,,,,,,,1.0
,,,,,,,,,0.0
,,,,,,,,,1.0
,,,,,,,,,0.0
,,,,,,,,,0.0
,,,,,,,,,0.0
,,,,,,,,,0.0
,,,,,,,,,0.0
,,,,,,,,,0.0
,,,,,,,,,0.0
,,,,,,,,,0.0
,,,,,,,,,1.0
,,,,,,,,,0.0
,,,,,,,,,0.0
,,,,,,,,,1.0
,,,,,,,,,1.0
,,,,,,,,,0.0
,,,,,,,,,0.0
,,,,,,,,,0.0
,,,,,,,,,0.0
,,,,,,,,,0.0
,,,,,,,,,1.0
,,,,,,,,,0.0
,,,,,,,,,0.0
,,,,,,,,,0.0
,,,,,,,,,1.0
,,,,,,,,,1.0
,,,,,,,,,0.0
,,,,,,,,,1.0
,,,,,,,,,0.0
,,,,,,,,,0.0
,,,,,,,,,1.0
,,,,,,,,,0.0
,,,,,,,,,0.0
,,,,,,,,,0.0
,,,,,,,,,0.0
,,,,,,,,,0.0
,,,,,,,,,0.0
,,,,,,,,,1.0
,,,,,,,,,0.0
,,,,,,,,,0.0
,,,,,,,,,0.0
,,,,,,,,,0.0
,,,,,,,,,0.0
,,,,,,,,,0.0
,,,,,,,,,0.0
,,,,,,,,,1.0
,,,,,,,,,0.0
,,,,,,,,,1.0
,,,,,,,,,1.0
,,,,,,,,,0.0
,,,,,,,,,1.0
,,,,,,,,,1.0
,,,,,,,,,0.0
,,,,,,,,,1.0
,,,,,,,,,1.0
,,,,,,,,,0.0
,,,,,,,,,0.0
,,,,,,,,,1.0
,,,,,,,,,0.0
,,,,,,,,,1.0
,,,,,,,,,0.0
,,,,,,,,,1.0
,,,,,,,,,0.0
,,,,,,,,,0.0
,,,,,,,,,1.0
,,,,,,,,,0.0
,,,,,,,,,0.0
,,,,,,,,,1.0
,,,,,,,,,0.0
,,,,,,,,,0.0
,,,,,,,,,0.0
,,,,,,,,,1.0
,,,,,,,,,0.0
,,,,,,,,,0.0
,,,,,,,,,1.0
,,,,,,,,,0.0
,,,,,,,,,1.0
,,,,,,,,,0.0
,,,,,,,,,1.0
,,,,,,,,,0.0
,,,,,,,,,1.0
,,,,,,,,,1.0
,,,,,,,,,0.0
,,,,,,,,,0.0
,,,,,,,,,1.0
,,,,,,,,,0.0
,,,,,,,,,0.0
,,,,,,,,,1.0
,,,,,,,,,1.0
,,,,,,,,,0.0
,,,,,,,,,1.0
,,,,,,,,,1.0
,,,,,,,,,0.0
,,,,,,,,,0.0
,,,,,,,,,1.0
,,,,,,,,,1.0
,,,,,,,,,0.0
,,,,,,,,,1.0
,,,,,,,,,0.0
,,,,,,,,,1.0
,,,,,,,,,1.0
,,,,,,,,,0.0
,,,,,,,,,0.0
,,,,,,,,,0.0
,,,,,,,,,0.0
,,,,,,,,,0.0
,,,,,,,,,0.0
,,,,,,,,,0.0
,,,,,,,,,0.0
,,,,,,,,,0.0
,,,,,,,,,1.0
,,,,,,,,,1.0
,,,,,,,,,1.0
,,,,,,,,,1.0
,,,,,,,,,1.0
,,,,,,,,,0.0
,,,,,,,,,0.0
,,,,,,,,,1.0
,,,,,,,,,1.0
,,,,,,,,,0.0
,,,,,,,,,1.0
,,,,,,,,,1.0
,,,,,,,,,1.0
,,,,,,,,,0.0
,,,,,,,,,0.0
,,,,,,,,,0.0
,,,,,,,,,1.0
,,,,,,,,,0.0
,,,,,,,,,1.0
,,,,,,,,,0.0
,,,,,,,,,0.0
,,,,,,,,,0.0
,,,,,,,,,1.0
,,,,,,,,,0.0
,,,,,,,,,0.0
,,,,,,,,,0.0
,,,,,,,,,0.0
,,,,,,,,,1.0
,,,,,,,,,0.0
,,,,,,,,,0.0
,,,,,,,,,1.0
,,,,,,,,,1.0
,,,,,,,,,0.0
,,,,,,,,,0.0
,,,,,,,,,0.0
,,,,,,,,,1.0
,,,,,,,,,0.0
,,,,,,,,,0.0
,,,,,,,,,1.0
,,,,,,,,,1.0
,,,,,,,,,1.0
,,,,,,,,,0.0
,,,,,,,,,0.0
,,,,,,,,,1.0
,,,,,,,,,0.0
,,,,,,,,,0.0
,,,,,,,,,1.0
,,,,,,,,,0.0
,,,,,,,,,0.0
,,,,,,,,,1.0
,,,,,,,,,0.0
,,,,,,,,,0.0
,,,,,,,,,1.0
,,,,,,,,,1.0
,,,,,,,,,0.0
,,,,,,,,,0.0
,,,,,,,,,0.0
,,,,,,,,,0.0
,,,,,,,,,1.0
,,,,,,,,,0.0
,,,,,,,,,0.0
,,,,,,,,,1.0
,,,,,,,,,0.0
,,,,,,,,,1.0
,,,,,,,,,0.0
,,,,,,,,,0.0
,,,,,,,,,1.0
,,,,,,,,,0.0
,,,,,,,,,0.0
,,,,,,,,,0.0
,,,,,,,,,0.0
,,,,,,,,,0.0
,,,,,,,,,1.0
,,,,,,,,,0.0
,,,,,,,,,1.0
,,,,,,,,,1.0
,,,,,,,,,1.0
,,,,,,,,,0.0
,,,,,,,,,1.0
,,,,,,,,,0.0
,,,,,,,,,1.0
,,,,,,,,,0.0
,,,,,,,,,1.0
,,,,,,,,,0.0
,,,,,,,,,1.0
,,,,,,,,,0.0
,,,,,,,,,0.0
,,,,,,,,,0.0
,,,,,,,,,0.0
,,,,,,,,,0.0
,,,,,,,,,0.0
,,,,,,,,,1.0
,,,,,,,,,0.0
,,,,,,,,,0.0
,,,,,,,,,0.0
,,,,,,,,,1.0
,,,,,,,,,0.0
,,,,,,,,,0.0
,,,,,,,,,0.0
,,,,,,,,,0.0
,,,,,,,,,1.0
,,,,,,,,,1.0
,,,,,,,,,0.0
,,,,,,,,,0.0
,,,,,,,,,1.0
,,,,,,,,,0.0
,,,,,,,,,0.0
,,,,,,,,,0.0
,,,,,,,,,1.0
,,,,,,,,,0.0
,,,,,,,,,1.0
,,,,,,,,,0.0
,,,,,,,,,1.0
,,,,,,,,,0.0
,,,,,,,,,0.0
,,,,,,,,,0.0
,,,,,,,,,0.0
,,,,,,,,,0.0
,,,,,,,,,0.0
,,,,,,,,,0.0
,,,,,,,,,1.0
,,,,,,,,,1.0
,,,,,,,,,1.0
,,,,,,,,,1.0
,,,,,,,,,0.0
,,,,,,,,,0.0
,,,,,,,,,0.0
,,,,,,,,,0.0
,,,,,,,,,1.0
,,,,,,,,,0.0
,,,,,,,,,0.0
,,,,,,,,,1.0
,,,,,,,,,1.0
,,,,,,,,,0.0
,,,,,,,,,0.0
,,,,,,,,,0.0
,,,,,,,,,0.0
,,,,,,,,,1.0
,,,,,,,,,1.0
,,,,,,,,,1.0
,,,,,,,,,1.0
,,,,,,,,,1.0
,,,,,,,,,0.0
,,,,,,,,,1.0
,,,,,,,,,0.0
,,,,,,,,,0.0
,,,,,,,,,0.0
,,,,,,,,,1.0
,,,,,,,,,1.0
,,,,,,,,,0.0
,,,,,,,,,0.0
,,,,,,,,,1.0
,,,,,,,,,0.0
,,,,,,,,,0.0
,,,,,,,,,0.0
,,,,,,,,,1.0
,,,,,,,,,0.0
,,,,,,,,,1.0
,,,,,,,,,1.0
,,,,,,,,,0.0
,,,,,,,,,0.0
,,,,,,,,,1.0
,,,,,,,,,0.0
,,,,,,,,,0.0
,,,,,,,,,0.0
,,,,,,,,,0.0
,,,,,,,,,0.0
,,,,,,,,,0.0
,,,,,,,,,1.0
,,,,,,,,,0.0
,,,,,,,,,0.0
,,,,,,,,,1.0
,,,,,,,,,0.0
,,,,,,,,,1.0
,,,,,,,,,0.0
,,,,,,,,,1.0
,,,,,,,,,0.0
,,,,,,,,,0.0
,,,,,,,,,1.0
,,,,,,,,,0.0
,,,,,,,,,0.0
,,,,,,,,,1.0
,,,,,,,,,1.0
,,,,,,,,,0.0
,,,,,,,,,0.0
,,,,,,,,,1.0
,,,,,,,,,1.0
,,,,,,,,,0.0
,,,,,,,,,0.0
,,,,,,,,,0.0
,,,,,,,,,1.0
,,,,,,,,,0.0
,,,,,,,,,0.0
,,,,,,,,,1.0
,,,,,,,,,1.0
,,,,,,,,,0.0
,,,,,,,,,1.0
,,,,,,,,,0.0
,,,,,,,,,0.0
,,,,,,,,,0.0
,,,,,,,,,0.0
,,,,,,,,,0.0
,,,,,,,,,0.0
,,,,,,,,,0.0
,,,,,,,,,0.0
,,,,,,,,,1.0
,,,,,,,,,0.0
,,,,,,,,,0.0
,,,,,,,,,1.0
,,,,,,,,,0.0
,,,,,,,,,1.0
,,,,,,,,,1.0
,,,,,,,,,1.0
,,,,,,,,,0.0
,,,,,,,,,0.0
,,,,,,,,,0.0
,,,,,,,,,0.0
,,,,,,,,,1.0
,,,,,,,,,0.0
,,,,,,,,,1.0
,,,,,,,,,0.0
,,,,,,,,,0.0
,,,,,,,,,0.0
,,,,,,,,,0.0
,,,,,,,,,0.0
,,,,,,,,,0.0
,,,,,,,,,0.0
,,,,,,,,,1.0
,,,,,,,,,1.0
,,,,,,,,,0.0
,,,,,,,,,0.0
,,,,,,,,,0.0
,,,,,,,,,1.0
,,,,,,,,,1.0
,,,,,,,,,1.0
,,,,,,,,,1.0
,,,,,,,,,0.0
,,,,,,,,,0.0
,,,,,,,,,0.0
,,,,,,,,,0.0
,,,,,,,,,1.0
,,,,,,,,,0.0
,,,,,,,,,0.0
,,,,,,,,,0.0
,,,,,,,,,0.0
,,,,,,,,,0.0
,,,,,,,,,0.0
,,,,,,,,,0.0
,,,,,,,,,0.0
,,,,,,,,,0.0
,,,,,,,,,0.0
,,,,,,,,,1.0
,,,,,,,,,1.0
,,,,,,,,,0.0
,,,,,,,,,1.0
,,,,,,,,,0.0
,,,,,,,,,0.0
,,,,,,,,,0.0
,,,,,,,,,1.0
,,,,,,,,,1.0
,,,,,,,,,1.0
,,,,,,,,,1.0
,,,,,,,,,1.0
,,,,,,,,,0.0
,,,,,,,,,0.0
,,,,,,,,,0.0
,,,,,,,,,1.0
,,,,,,,,,0.0
,,,,,,,,,0.0
,,,,,,,,,1.0
,,,,,,,,,1.0
,,,,,,,,,0.0
,,,,,,,,,0.0
,,,,,,,,,1.0
,,,,,,,,,0.0
,,,,,,,,,0.0
,,,,,,,,,0.0
,,,,,,,,,0.0
,,,,,,,,,0.0
,,,,,,,,,0.0
,,,,,,,,,1.0
,,,,,,,,,0.0
,,,,,,,,,0.0
,,,,,,,,,0.0
,,,,,,,,,1.0
,,,,,,,,,0.0
,,,,,,,,,1.0
,,,,,,,,,1.0
,,,,,,,,,1.0
,,,,,,,,,1.0
,,,,,,,,,0.0
,,,,,,,,,0.0
,,,,,,,,,0.0
,,,,,,,,,1.0
,,,,,,,,,0.0
,,,,,,,,,0.0
,,,,,,,,,1.0
,,,,,,,,,1.0
,,,,,,,,,0.0
,,,,,,,,,0.0
,,,,,,,,,1.0
,,,,,,,,,0.0
,,,,,,,,,1.0
,,,,,,,,,0.0
,,,,,,,,,0.0
,,,,,,,,,1.0
,,,,,,,,,1.0
,,,,,,,,,0.0
,,,,,,,,,0.0
,,,,,,,,,0.0
,,,,,,,,,1.0
,,,,,,,,,1.0
,,,,,,,,,0.0
,,,,,,,,,0.0
,,,,,,,,,0.0
,,,,,,,,,0.0
,,,,,,,,,0.0
,,,,,,,,,0.0
,,,,,,,,,1.0
,,,,,,,,,0.0
,,,,,,,,,1.0
,,,,,,,,,0.0
,,,,,,,,,1.0
,,,,,,,,,1.0
,,,,,,,,,1.0
,,,,,,,,,1.0
,,,,,,,,,1.0
,,,,,,,,,1.0
,,,,,,,,,1.0
,,,,,,,,,1.0
,,,,,,,,,1.0
,,,,,,,,,1.0
,,,,,,,,,1.0
,,,,,,,,,1.0
,,,,,,,,,1.0
,,,,,,,,,1.0
,,,,,,,,,1.0
,,,,,,,,,1.0
,,,,,,,,,1.0
,,,,,,,,,1.0
,,,,,,,,,1.0
,,,,,,,,,1.0
,,,,,,,,,1.0
,,,,,,,,,1.0
,,,,,,,,,1.0
,,,,,,,,,1.0
,,,,,,,,,1.0
,,,,,,,,,1.0
,,,,,,,,,1.0
,,,,,,,,,1.0
,,,,,,,,,1.0
,,,,,,,,,1.0
,,,,,,,,,1.0
,,,,,,,,,1.0
,,,,,,,,,1.0
,,,,,,,,,1.0
,,,,,,,,,1.0
,,,,,,,,,1.0
,,,,,,,,,1.0
,,,,,,,,,1.0
,,,,,,,,,1.0
,,,,,,,,,1.0
,,,,,,,,,1.0
,,,,,,,,,1.0
,,,,,,,,,1.0
,,,,,,,,,1.0
,,,,,,,,,1.0
,,,,,,,,,1.0
,,,,,,,,,1.0
,,,,,,,,,1.0
,,,,,,,,,1.0
,,,,,,,,,1.0
,,,,,,,,,1.0
,,,,,,,,,1.0
,,,,,,,,,1.0
,,,,,,,,,1.0
,,,,,,,,,1.0
,,,,,,,,,1.0
,,,,,,,,,1.0
,,,,,,,,,1.0
,,,,,,,,,1.0
,,,,,,,,,1.0
,,,,,,,,,1.0
,,,,,,,,,1.0
,,,,,,,,,1.0
,,,,,,,,,1.0
,,,,,,,,,1.0
,,,,,,,,,1.0
,,,,,,,,,1.0
,,,,,,,,,1.0
,,,,,,,,,1.0
,,,,,,,,,1.0
,,,,,,,,,1.0
,,,,,,,,,1.0
,,,,,,,,,1.0
,,,,,,,,,1.0
,,,,,,,,,1.0
,,,,,,,,,1.0
,,,,,,,,,1.0
,,,,,,,,,1.0
,,,,,,,,,1.0
,,,,,,,,,1.0
,,,,,,,,,1.0
,,,,,,,,,1.0
,,,,,,,,,1.0
,,,,,,,,,1.0
,,,,,,,,,1.0
,,,,,,,,,1.0
,,,,,,,,,1.0
,,,,,,,,,1.0
,,,,,,,,,1.0
,,,,,,,,,1.0
,,,,,,,,,1.0
,,,,,,,,,1.0
,,,,,,,,,1.0
,,,,,,,,,1.0
,,,,,,,,,1.0
,,,,,,,,,1.0
,,,,,,,,,1.0
,,,,,,,,,1.0
,,,,,,,,,1.0
,,,,,,,,,1.0
,,,,,,,,,1.0
,,,,,,,,,1.0
,,,,,,,,,1.0
,,,,,,,,,1.0
,,,,,,,,,1.0
,,,,,,,,,1.0
,,,,,,,,,1.0
,,,,,,,,,1.0
,,,,,,,,,1.0
,,,,,,,,,1.0
,,,,,,,,,1.0
,,,,,,,,,1.0
,,,,,,,,,1.0
,,,,,,,,,1.0
,,,,,,,,,1.0
,,,,,,,,,1.0
,,,,,,,,,1.0
,,,,,,,,,1.0
,,,,,,,,,1.0
,,,,,,,,,1.0
,,,,,,,,,1.0
,,,,,,,,,1.0
,,,,,,,,,1.0
,,,,,,,,,1.0
,,,,,,,,,1.0
,,,,,,,,,1.0
,,,,,,,,,1.0
,,,,,,,,,1.0
,,,,,,,,,1.0
,,,,,,,,,1.0
,,,,,,,,,1.0
,,,,,,,,,1.0
,,,,,,,,,1.0
,,,,,,,,,1.0
,,,,,,,,,1.0
,,,,,,,,,1.0
,,,,,,,,,1.0
,,,,,,,,,1.0
,,,,,,,,,1.0
,,,,,,,,,1.0
,,,,,,,,,1.0
,,,,,,,,,1.0
,,,,,,,,,1.0
,,,,,,,,,1.0
,,,,,,,,,1.0
,,,,,,,,,1.0
,,,,,,,,,1.0
,,,,,,,,,1.0
,,,,,,,,,1.0
,,,,,,,,,1.0
,,,,,,,,,1.0
,,,,,,,,,1.0
,,,,,,,,,1.0
,,,,,,,,,1.0
,,,,,,,,,1.0
,,,,,,,,,1.0
,,,,,,,,,1.0
,,,,,,,,,1.0
,,,,,,,,,1.0
,,,,,,,,,1.0
,,,,,,,,,1.0
,,,,,,,,,1.0
,,,,,,,,,1.0
,,,,,,,,,1.0
,,,,,,,,,1.0
,,,,,,,,,1.0
,,,,,,,,,1.0
,,,,,,,,,1.0
,,,,,,,,,1.0
,,,,,,,,,1.0
,,,,,,,,,1.0
,,,,,,,,,1.0
,,,,,,,,,1.0
,,,,,,,,,1.0
,,,,,,,,,1.0
,,,,,,,,,1.0
,,,,,,,,,1.0
,,,,,,,,,1.0
,,,,,,,,,1.0
,,,,,,,,,1.0
,,,,,,,,,1.0
,,,,,,,,,1.0
,,,,,,,,,1.0
,,,,,,,,,1.0
,,,,,,,,,1.0
,,,,,,,,,1.0
,,,,,,,,,1.0
,,,,,,,,,1.0
,,,,,,,,,1.0
,,,,,,,,,1.0
,,,,,,,,,1.0
,,,,,,,,,1.0
,,,,,,,,,1.0
,,,,,,,,,1.0
,,,,,,,,,1.0
,,,,,,,,,1.0
,,,,,,,,,1.0
,,,,,,,,,1.0
,,,,,,,,,1.0
,,,,,,,,,1.0
,,,,,,,,,1.0
,,,,,,,,,1.0
,,,,,,,,,1.0
,,,,,,,,,1.0
,,,,,,,,,1.0
,,,,,,,,,1.0
,,,,,,,,,1.0
