PassengerId,Survived,Pclass,Age,SibSp,Parch,Fare,Sex_male,Embarked_Q,Embarked_S
1,0,3,-0.5657364610748746,1,0,-0.7082483619415808,True,False,True
2,1,1,0.6638610320657843,1,0,1.4924711247368585,False,False,False
3,1,3,-0.2583370877897099,0,0,-0.685049719149347,False,False,True
4,1,1,0.4333115021019107,1,0,0.86754092994571,False,False,True
5,0,3,0.4333115021019107,0,0,-0.6807536741878222,True,False,True
6,0,3,-0.10463740114712752,0,0,-0.6667210729254978,True,True,False
7,0,1,1.893458525206443,0,0,0.8250100848266144,True,False,True
8,0,3,-2.1027333275006983,3,1,-0.23310578919693978,True,False,True
9,1,3,-0.1814872444684187,0,2,-0.5747857107488672,False,False,True
10,1,2,-1.180535207645204,1,0,0.0760651009221374,False,False,False
11,1,3,-1.949033640858116,1,1,-0.3834673628503072,False,False,True
12,1,1,2.200857898491608,0,0,-0.044939019882154194,False,False,True
13,0,3,-0.719436147717457,0,0,-0.6807536741878222,True,False,True
14,0,3,0.7407108753870755,1,5,0.11745147966348257,True,False,True
15,0,3,-1.180535207645204,0,0,-0.6874829990155547,False,False,True
16,1,2,1.9703083685277343,0,0,-0.407525214634846,False,False,True
17,0,3,-2.1027333275006983,4,1,0.043559506325256334,True,True,False
18,1,2,-0.10463740114712752,0,0,-0.5106302937114408,True,False,True
19,0,3,0.12591212881674602,1,0,-0.3387884952504494,False,False,True
20,1,3,-0.10463740114712752,0,0,-0.7091075709338859,False,False,False
21,0,2,0.4333115021019107,0,0,-0.06384161771286326,True,False,True
22,1,2,0.35646165878061953,0,0,-0.5106302937114408,True,False,True
23,1,3,-1.1036853643239128,0,0,-0.6814685360694199,False,True,False
24,1,1,-0.10463740114712752,0,0,0.2626577993630203,True,False,True
25,0,3,-1.6416342675729512,3,1,-0.23310578919693978,False,False,True
26,1,3,0.6638610320657843,1,5,0.1213179201288549,False,False,True
27,0,3,-0.10463740114712752,0,0,-0.7091075709338859,True,False,False
28,0,1,-0.7962859910387481,3,2,2.894557571485825,True,False,True
29,1,3,-0.10463740114712752,0,0,-0.6866237900232497,False,True,False
30,0,3,-0.10463740114712752,0,0,-0.6860532752523592,True,False,True
31,0,1,0.8175607187083667,0,0,-0.0047005443545284605,True,False,False
32,1,1,-0.10463740114712752,1,0,2.894557571485825,False,False,False
33,1,3,-0.10463740114712752,0,0,-0.6910641820954817,False,True,False
34,0,2,2.8156566450619374,0,0,-0.5965511929419365,True,False,True
35,0,1,-0.10463740114712752,1,0,1.8666566408856673,True,False,False
36,0,1,0.9712604053509489,1,0,0.8297357342842918,True,False,True
37,1,3,-0.10463740114712752,0,0,-0.7089632238231787,True,False,False
38,0,3,-0.6425863043961658,0,0,-0.6807536741878222,True,False,True
39,0,3,-0.8731358343600393,2,0,-0.3387884952504494,False,False,True
40,1,3,-1.180535207645204,1,0,-0.571060180558233,False,False,False
41,0,3,0.8175607187083667,1,0,-0.6317787616264398,False,False,True
42,0,2,-0.1814872444684187,1,0,-0.23568341617385463,False,False,True
43,0,3,-0.10463740114712752,0,0,-0.6860532752523592,True,False,False
44,1,2,-2.025883484179407,1,2,0.47158993160383206,False,False,False
45,1,3,-0.7962859910387481,0,0,-0.6866237900232497,False,True,False
46,0,3,-0.10463740114712752,0,0,-0.6807536741878222,True,False,True
47,0,3,-0.10463740114712752,1,0,-0.42470939448094513,True,True,False
48,1,3,-0.10463740114712752,0,0,-0.6910641820954817,False,True,False
49,0,3,-0.10463740114712752,2,0,-0.2123404262709135,True,False,False
50,0,3,-0.8731358343600393,1,0,-0.34566216718888904,False,False,True
51,0,3,-1.7184841108942424,4,1,0.4065753055741006,True,False,True
52,0,3,-0.6425863043961658,0,0,-0.6893457641108718,True,False,True
53,1,1,1.5092093085999871,1,0,1.6796377747846014,False,False,False
54,1,2,-0.027787557825836348,1,0,-0.06384161771286326,False,False,True
55,0,1,2.738806801740646,0,1,1.1727044693246769,True,False,False
56,1,1,-0.10463740114712752,0,0,0.2626577993630203,True,False,True
57,1,2,-0.6425863043961658,0,0,-0.5965511929419365,False,False,True
58,0,3,-0.06621247948648194,0,0,-0.7089632238231787,True,False,False
59,1,2,-1.8721837975368247,1,2,-0.0036969882515162904,False,False,True
60,0,3,-1.4110847376090776,5,2,0.6544570998540805,True,False,True
61,0,3,-0.5657364610748746,0,0,-0.7089632238231787,True,False,False
62,1,1,0.6638610320657843,0,0,1.7920498056658432,False,False,True
63,0,1,1.2018099353148226,1,0,1.911479855596232,True,False,True
64,0,3,-1.949033640858116,3,2,0.0014582657023134015,True,False,True
65,0,1,-0.10463740114712752,0,0,-0.0047005443545284605,True,False,False
66,1,3,-0.10463740114712752,1,1,-0.43344583151470195,True,False,False
67,1,2,-0.027787557825836348,0,0,-0.5965511929419365,False,False,True
68,0,3,-0.7962859910387481,0,0,-0.6770315808331572,True,False,True
69,1,3,-0.9499856776813305,4,2,-0.685049719149347,False,False,True
70,0,3,-0.2583370877897099,2,0,-0.6597030538763509,True,False,True
71,0,2,0.20276197213803718,0,0,-0.5965511929419365,True,False,True
72,0,3,-1.0268355210026217,5,2,0.6544570998540805,False,False,True
73,0,2,-0.6425863043961658,0,0,1.5686554676665545,True,False,True
74,0,3,-0.2583370877897099,1,0,-0.46065182504704605,True,False,False
75,1,3,0.20276197213803718,0,0,0.9842490057884768,True,False,True
76,0,3,-0.33518693111100106,0,0,-0.6945010180647014,True,False,True
77,0,3,-0.10463740114712752,0,0,-0.6860532752523592,True,False,True
78,0,3,-0.10463740114712752,0,0,-0.6807536741878222,True,False,True
79,1,2,-2.192647644186609,0,2,0.03926346136373155,True,False,True
80,1,3,0.04906228549545483,0,0,-0.5286736825498449,False,False,True
81,0,3,-0.5657364610748746,0,0,-0.6481037324802339,True,False,True
82,1,3,-0.027787557825836348,0,0,-0.6309195526341347,True,False,True
83,1,3,-0.10463740114712752,0,0,-0.6897753686070244,False,True,False
84,0,1,-0.10463740114712752,0,0,0.6613307717925203,True,False,True
85,1,2,-0.9499856776813305,0,0,-0.5965511929419365,False,False,True
86,1,3,0.27961181545932834,3,0,-0.41268046858867574,False,False,True
87,0,3,-1.0268355210026217,1,3,0.22399339470929724,True,False,True
88,0,3,-0.10463740114712752,0,0,-0.6807536741878222,True,False,True
89,1,1,-0.48888661775358344,3,2,2.894557571485825,False,False,True
90,0,3,-0.41203677443229225,0,0,-0.6807536741878222,True,False,True
91,0,3,-0.027787557825836348,0,0,-0.6807536741878222,True,False,True
92,0,3,-0.719436147717457,0,0,-0.6874829990155547,True,False,True
93,0,1,1.2786597786361138,1,0,1.1450654344602107,True,False,True
94,0,3,-0.2583370877897099,1,2,-0.2502899690430389,True,False,True
95,0,3,2.277707741812899,0,0,-0.7082483619415808,True,False,True
96,0,3,-0.10463740114712752,0,0,-0.6807536741878222,True,False,True
97,0,1,3.1999058616683933,0,0,0.2335890407353591,True,False,False
98,1,1,-0.48888661775358344,0,1,1.2201018741761873,True,False,False
99,1,2,0.35646165878061953,0,1,-0.1669466967894581,False,False,True
100,0,2,0.35646165878061953,1,0,-0.06384161771286326,True,False,True
101,0,3,-0.10463740114712752,0,0,-0.6860532752523592,False,False,True
102,0,3,-0.10463740114712752,0,0,-0.6860532752523592,True,False,True
103,0,1,-0.6425863043961658,0,1,1.6988256300007551,True,False,True
104,0,3,0.27961181545932834,0,0,-0.659988311261796,True,False,True
105,0,3,0.5870111887444931,2,0,-0.685049719149347,True,False,True
106,0,3,-0.10463740114712752,0,0,-0.6860532752523592,True,False,True
107,1,3,-0.6425863043961658,0,0,-0.6945010180647014,False,False,True
108,1,3,-0.10463740114712752,0,0,-0.6902049731031766,True,False,True
109,0,3,0.6638610320657843,0,0,-0.6860532752523592,True,False,True
110,1,3,-0.10463740114712752,1,0,-0.12742308314343012,False,True,False
111,0,1,1.3555096219574048,0,0,0.8297357342842918,True,False,True
112,0,3,-1.1421102859845584,1,0,-0.46065182504704605,False,False,False
113,0,3,-0.5657364610748746,0,0,-0.6807536741878222,True,False,True
114,0,3,-0.719436147717457,1,0,-0.6197498357341703,False,False,True
115,0,3,-0.9499856776813305,0,0,-0.46051091477230804,False,False,False
116,0,3,-0.6425863043961658,0,0,-0.685049719149347,True,False,True
117,0,3,3.1614809400077477,0,0,-0.6910641820954817,True,True,False
118,0,2,-0.027787557825836348,1,0,-0.23568341617385463,True,False,True
119,0,1,-0.41203677443229225,0,1,2.894557571485825,True,False,False
120,0,3,-2.1027333275006983,4,2,0.11745147966348257,False,False,True
121,0,2,-0.6425863043961658,2,0,1.5686554676665545,True,False,True
122,0,3,-0.10463740114712752,0,0,-0.6807536741878222,True,False,True
123,0,2,0.24118689379868277,1,0,0.0760651009221374,True,False,False
124,1,2,0.24118689379868277,0,0,-0.5106302937114408,False,False,True
125,0,1,1.893458525206443,0,1,1.6988256300007551,True,False,True
126,1,3,-1.3342348942877864,1,0,-0.571060180558233,True,False,False
127,0,3,-0.10463740114712752,0,0,-0.6910641820954817,True,True,False
128,1,3,-0.41203677443229225,0,0,-0.7091075709338859,True,False,True
129,1,3,-0.10463740114712752,1,1,-0.1890008732039417,False,False,False
130,0,3,1.2018099353148226,0,0,-0.7091075709338859,True,False,True
131,0,3,0.27961181545932834,0,0,-0.6860532752523592,True,False,False
132,0,3,-0.719436147717457,0,0,-0.7091075709338859,True,False,True
133,0,3,1.3555096219574048,1,0,-0.4590777541731434,False,False,True
134,1,2,-0.027787557825836348,1,0,-0.06384161771286326,False,False,True
135,0,2,-0.33518693111100106,0,0,-0.5106302937114408,True,False,True
136,0,2,-0.48888661775358344,0,0,-0.4403195034531416,True,False,False
137,1,1,-0.7962859910387481,0,2,-0.054105061412063477,False,False,True
138,0,1,0.5870111887444931,1,0,0.86754092994571,True,False,True
139,0,3,-1.0268355210026217,0,0,-0.6406561089349345,True,False,True
140,0,1,-0.41203677443229225,0,0,1.7645551179120846,True,False,False
141,0,3,-0.10463740114712752,0,2,-0.43344583151470195,False,False,False
142,1,3,-0.5657364610748746,0,0,-0.6910641820954817,False,False,True
143,1,3,-0.41203677443229225,1,0,-0.41268046858867574,False,False,True
144,0,3,-0.7962859910387481,0,0,-0.7091075709338859,True,True,False
145,0,2,-0.8731358343600393,0,0,-0.5621828332497382,True,False,True
146,0,2,-0.7962859910387481,1,1,0.30561824897826817,True,False,True
147,1,3,-0.1814872444684187,0,0,-0.689490111221579,True,False,True
148,0,3,-1.56478442425166,2,2,0.22399339470929724,False,False,True
149,0,2,0.5485862670838475,0,2,-0.06384161771286326,True,False,True
150,0,2,0.9712604053509489,0,0,-0.5106302937114408,True,False,True
151,0,2,1.6629089952425695,0,0,-0.526955264565235,True,False,True
152,1,1,-0.5657364610748746,1,0,1.3315137857903863,False,False,True
153,0,3,2.00873329018838,0,0,-0.6807536741878222,True,False,True
154,0,3,0.8559856403690123,0,2,-0.4590777541731434,True,False,True
155,0,3,-0.10463740114712752,0,0,-0.7061003394608184,True,False,True
156,0,1,1.6629089952425695,0,1,1.1520834535093576,True,False,False
157,1,3,-1.0268355210026217,0,0,-0.6916381337023414,False,True,False
158,0,3,0.04906228549545483,0,0,-0.6807536741878222,True,False,True
159,0,3,-0.10463740114712752,0,0,-0.6597030538763509,True,False,True
160,0,3,-0.10463740114712752,8,2,1.4329004468823712,True,False,True
161,0,3,1.1249600919935314,0,1,-0.4040883786656261,True,False,True
162,1,2,0.8175607187083667,0,0,-0.41611730455789553,False,False,True
163,0,3,-0.2583370877897099,0,0,-0.6902049731031766,True,False,True
164,0,3,-0.9499856776813305,0,0,-0.6597030538763509,True,False,True
165,0,3,-2.1795831708219895,4,1,0.4065753055741006,True,False,True
166,1,3,-1.56478442425166,0,2,-0.25200838702764883,True,False,True
167,1,1,-0.10463740114712752,0,1,0.9328408133608866,False,False,True
168,0,3,1.2018099353148226,1,4,0.0014582657023134015,False,False,True
169,0,1,-0.10463740114712752,0,0,-0.06641924468977811,True,False,True
170,0,3,-0.10463740114712752,0,0,0.9842490057884768,True,False,True
171,0,1,2.4314074284554814,0,0,0.19392107997862376,True,False,True
172,0,3,-1.949033640858116,4,1,0.043559506325256334,True,True,False
173,1,3,-2.1795831708219895,1,1,-0.5747857107488672,False,False,True
174,0,3,-0.6425863043961658,0,0,-0.685049719149347,True,False,True
175,0,1,2.0471582118490255,0,0,0.09754532572976132,True,False,False
176,0,3,-0.8731358343600393,1,1,-0.6874829990155547,True,False,True
177,0,3,-0.10463740114712752,3,1,-0.08217026393671262,True,False,True
178,0,1,1.5860591519212783,0,0,0.029382557952224497,False,False,False
179,0,2,0.04906228549545483,0,0,-0.5106302937114408,True,False,True
180,0,3,0.5101613454232019,0,0,-0.7091075709338859,True,False,True
181,0,3,-0.10463740114712752,8,2,1.4329004468823712,False,False,True
182,0,2,-0.10463740114712752,0,0,-0.4401751563424343,True,False,False
183,0,3,-1.56478442425166,4,2,0.1213179201288549,True,False,True
184,1,2,-2.1795831708219895,2,1,0.38294705828571424,True,False,True
185,1,3,-1.949033640858116,0,2,-0.20045584748935144,False,False,True
186,0,1,-0.10463740114712752,0,0,0.7609990148998952,True,False,True
187,1,3,-0.10463740114712752,1,0,-0.42470939448094513,False,True,False
188,1,1,1.2018099353148226,0,0,-0.044939019882154194,True,False,True
189,0,3,0.8175607187083667,1,1,-0.42470939448094513,True,True,False
190,0,3,0.5101613454232019,0,0,-0.6860532752523592,True,False,True
191,1,2,0.20276197213803718,0,0,-0.5106302937114408,False,False,True
192,0,2,-0.7962859910387481,0,0,-0.5106302937114408,True,False,True
193,1,3,-0.7962859910387481,1,0,-0.6874829990155547,False,False,True
194,1,2,-2.025883484179407,1,1,-0.06384161771286326,True,False,True
195,1,1,1.1249600919935314,0,0,-0.0047005443545284605,False,False,False
196,1,1,2.200857898491608,0,0,2.894557571485825,False,False,False
197,0,3,-0.10463740114712752,0,0,-0.6910641820954817,True,True,False
198,0,3,0.9712604053509489,0,1,-0.6685804011848456,True,False,True
199,1,3,-0.10463740114712752,0,0,-0.6910641820954817,False,True,False
200,0,2,-0.41203677443229225,0,0,-0.5106302937114408,False,False,True
201,0,3,-0.10463740114712752,0,0,-0.6309195526341347,True,False,True
202,0,3,-0.10463740114712752,8,2,1.4329004468823712,True,False,True
203,0,3,0.35646165878061953,0,0,-0.7091075709338859,True,False,True
204,0,3,1.2402348569754682,0,0,-0.7091075709338859,True,False,False
205,1,3,-0.8731358343600393,0,0,-0.6807536741878222,True,False,True
206,0,3,-2.1027333275006983,0,1,-0.5978400064303938,False,False,True
207,0,3,0.20276197213803718,1,0,-0.41268046858867574,True,False,True
208,1,3,-0.2583370877897099,0,0,-0.31172341199284326,True,False,False
209,1,3,-1.0268355210026217,0,0,-0.6910641820954817,False,True,False
210,1,1,0.8175607187083667,0,0,0.10800018074812809,True,False,False
211,0,3,-0.41203677443229225,0,0,-0.7091075709338859,True,False,True
212,1,2,0.4333115021019107,0,0,-0.23568341617385463,False,False,True
213,0,3,-0.5657364610748746,0,0,-0.7082483619415808,True,False,True
214,0,2,0.04906228549545483,0,0,-0.5106302937114408,True,False,True
215,0,3,-0.10463740114712752,1,0,-0.6910641820954817,True,True,False
216,1,1,0.12591212881674602,1,0,2.894557571485825,False,False,False
217,1,3,-0.1814872444684187,0,0,-0.685049719149347,False,False,True
218,0,2,0.9712604053509489,1,0,-0.029473258020664993,True,False,True
219,1,1,0.20276197213803718,0,0,1.6646016174192646,False,False,False
220,0,2,0.04906228549545483,0,0,-0.5965511929419365,True,False,True
221,1,3,-1.0268355210026217,0,0,-0.6807536741878222,True,False,True
222,0,2,-0.1814872444684187,0,0,-0.5106302937114408,True,False,True
223,0,3,1.6629089952425695,0,0,-0.6807536741878222,True,False,True
224,0,3,-0.10463740114712752,0,0,-0.6860532752523592,True,False,True
225,1,1,0.6638610320657843,1,0,2.135733402587826,True,False,True
226,0,3,-0.5657364610748746,0,0,-0.6360748065879646,True,False,True
227,1,2,-0.7962859910387481,0,0,-0.5965511929419365,True,False,True
228,0,3,-0.6810112260568114,0,0,-0.7082483619415808,True,False,True
229,0,2,-0.8731358343600393,0,0,-0.5106302937114408,True,False,True
230,0,3,-0.10463740114712752,3,1,-0.08217026393671262,False,False,True
231,1,1,0.4333115021019107,1,0,1.911479855596232,False,False,True
232,0,3,-0.027787557825836348,0,0,-0.6902049731031766,True,False,True
233,0,2,2.277707741812899,0,0,-0.49344611386534165,True,False,True
234,1,3,-1.8721837975368247,4,2,0.1213179201288549,False,False,True
235,0,2,-0.41203677443229225,0,0,-0.5965511929419365,True,False,True
236,0,3,-0.10463740114712752,0,0,-0.6979378540339214,False,False,True
237,0,2,1.1249600919935314,1,0,-0.06384161771286326,True,False,True
238,1,2,-1.6416342675729512,0,2,-0.0552495277898137,False,False,True
239,0,2,-0.7962859910387481,0,0,-0.5965511929419365,True,False,True
240,0,2,0.27961181545932834,0,0,-0.5355473544882845,True,False,True
241,0,3,-0.10463740114712752,1,0,-0.46065182504704605,False,False,False
242,1,3,-0.10463740114712752,1,0,-0.42470939448094513,False,True,False
243,0,2,-0.027787557825836348,0,0,-0.5965511929419365,True,False,True
244,0,3,-0.5657364610748746,0,0,-0.7091075709338859,True,False,True
245,0,3,0.04906228549545483,0,0,-0.7091075709338859,True,False,False
246,0,1,1.1249600919935314,2,0,2.135733402587826,True,True,False
247,0,3,-0.33518693111100106,0,0,-0.6902049731031766,False,False,True
248,1,2,-0.41203677443229225,0,2,-0.4590777541731434,False,False,True
249,1,1,0.5870111887444931,1,1,0.8487826792257082,True,False,True
250,0,2,1.893458525206443,1,0,-0.06384161771286326,True,False,True
251,0,3,-0.10463740114712752,0,0,-0.7082483619415808,True,False,True
252,0,3,-0.027787557825836348,1,1,-0.5978400064303938,False,False,True
253,0,1,2.5082572717767726,0,0,-0.044939019882154194,True,False,True
254,0,3,0.04906228549545483,1,0,-0.4040883786656261,True,False,True
255,0,3,0.8944105620296577,0,2,-0.2627484994314608,False,False,True
256,1,3,-0.027787557825836348,0,2,-0.43344583151470195,False,False,False
257,1,1,-0.10463740114712752,0,0,1.7645551179120846,False,False,False
258,1,1,0.04906228549545483,0,0,2.015444143665132,False,False,True
259,1,1,0.4333115021019107,0,0,2.894557571485825,False,False,False
260,1,2,1.5860591519212783,0,1,-0.06384161771286326,False,False,True
261,0,3,-0.10463740114712752,0,0,-0.6910641820954817,True,True,False
262,1,3,-2.025883484179407,4,2,0.1213179201288549,True,False,True
263,0,1,1.7397588385638607,1,1,1.7800208797735741,True,False,True
264,0,1,0.8175607187083667,0,0,-0.7091075709338859,True,False,True
265,0,3,-0.10463740114712752,0,0,-0.6910641820954817,False,True,False
266,0,2,0.5101613454232019,0,0,-0.5965511929419365,True,False,True
267,0,3,-1.0268355210026217,4,1,0.4065753055741006,True,False,True
268,1,3,-0.33518693111100106,1,0,-0.6902049731031766,True,False,True
269,1,1,2.200857898491608,0,1,2.894557571485825,False,False,True
270,1,1,0.4333115021019107,0,0,2.894557571485825,False,False,True
271,0,1,-0.10463740114712752,0,0,0.10800018074812809,True,False,True
272,1,3,-0.33518693111100106,0,0,-0.7091075709338859,True,False,True
273,1,2,0.8944105620296577,0,1,-0.28723595571215205,False,False,True
274,0,1,0.5870111887444931,0,1,0.06332131314827032,True,False,False
275,1,3,-0.10463740114712752,0,0,-0.6910641820954817,False,True,False
276,1,1,2.585107115098064,1,0,1.7218799256822819,False,False,True
277,0,3,1.2018099353148226,0,0,-0.6910641820954817,False,False,True
278,0,2,-0.10463740114712752,0,0,-0.7091075709338859,True,False,True
279,0,3,-1.7184841108942424,4,1,0.043559506325256334,True,True,False
280,1,3,0.4333115021019107,1,1,-0.26145968594300334,False,False,True
281,0,3,2.738806801740646,0,0,-0.6910641820954817,True,True,False
282,0,3,-0.10463740114712752,0,0,-0.6874829990155547,True,False,True
283,0,3,-1.0268355210026217,0,0,-0.6309195526341347,True,False,True
284,1,3,-0.7962859910387481,0,0,-0.6807536741878222,True,False,True
285,0,1,-0.10463740114712752,0,0,-0.06384161771286326,True,False,True
286,0,3,0.27961181545932834,0,0,-0.6597030538763509,True,False,False
287,1,3,0.04906228549545483,0,0,-0.6309195526341347,True,False,True
288,0,3,-0.5657364610748746,0,0,-0.6860532752523592,True,False,True
289,1,2,0.9712604053509489,0,0,-0.5106302937114408,True,False,True
290,1,3,-0.5657364610748746,0,0,-0.6910641820954817,False,True,False
291,1,1,-0.2583370877897099,0,0,1.752526192019815,False,False,True
292,1,1,-0.7962859910387481,1,0,2.172823736367646,False,False,False
293,0,2,0.5101613454232019,0,0,-0.5149263386729656,True,False,False
294,0,3,-0.41203677443229225,0,0,-0.6532589864340637,False,False,True
295,0,3,-0.41203677443229225,0,0,-0.6860532752523592,True,False,True
296,0,1,-0.10463740114712752,0,0,-0.0047005443545284605,True,False,False
297,0,3,-0.45046169609293785,0,0,-0.7089632238231787,True,False,False
298,0,1,-2.1027333275006983,1,2,2.894557571485825,False,False,True
299,1,1,-0.10463740114712752,0,0,0.09081600090202896,True,False,True
300,1,1,1.5860591519212783,0,1,2.894557571485825,False,False,False
301,1,3,-0.10463740114712752,0,0,-0.6910641820954817,False,True,False
302,1,3,-0.10463740114712752,2,0,-0.1583546068664085,True,True,False
303,0,3,-0.7962859910387481,0,0,-0.7091075709338859,True,False,True
304,1,2,-0.10463740114712752,0,0,-0.5329697275113697,False,True,False
305,0,3,-0.10463740114712752,0,0,-0.6807536741878222,True,False,True
306,1,1,-2.1857311582876924,1,2,2.894557571485825,True,False,True
307,1,1,-0.10463740114712752,0,0,2.85345816854791,False,False,False
308,1,1,-0.9499856776813305,1,0,2.7852954007703734,False,False,False
309,0,2,0.04906228549545483,1,0,-0.1325783370972598,True,False,False
310,1,1,0.04906228549545483,0,0,0.9991442528790756,False,False,False
311,1,1,-0.41203677443229225,0,0,1.900595396081713,False,False,False
312,1,1,-0.8731358343600393,2,2,2.894557571485825,False,False,False
313,0,2,-0.2583370877897099,1,1,-0.06384161771286326,False,False,True
314,0,3,-0.10463740114712752,0,0,-0.6860532752523592,True,False,True
315,0,2,1.0481102486722402,1,1,-0.0552495277898137,True,False,True
316,1,3,-0.2583370877897099,0,0,-0.6874829990155547,False,False,True
317,1,2,-0.41203677443229225,1,0,-0.06384161771286326,False,False,True
318,0,2,1.893458525206443,0,0,-0.4762619340192425,True,False,True
319,1,1,0.12591212881674602,0,2,2.894557571485825,False,False,True
320,1,1,0.8175607187083667,1,1,2.894557571485825,False,False,False
321,0,3,-0.5657364610748746,0,0,-0.7082483619415808,True,False,True
322,0,3,-0.1814872444684187,0,0,-0.6860532752523592,True,False,True
323,1,2,0.04906228549545483,0,0,-0.5329697275113697,False,True,False
324,1,2,-0.5657364610748746,1,1,0.03926346136373155,False,False,True
325,0,3,-0.10463740114712752,8,2,1.4329004468823712,True,False,True
326,1,1,0.5101613454232019,0,0,2.894557571485825,False,False,False
327,0,3,2.4314074284554814,0,0,-0.7091075709338859,True,False,True
328,1,2,0.5101613454232019,0,0,-0.5106302937114408,False,False,True
329,1,3,0.12591212881674602,1,1,-0.25200838702764883,False,False,True
330,1,1,-1.0268355210026217,0,1,1.0352310305558836,False,False,False
331,1,3,-0.10463740114712752,2,0,-0.1583546068664085,False,True,False
332,0,1,1.2402348569754682,0,0,0.022079281517632412,True,False,True
333,0,1,0.6638610320657843,0,1,2.894557571485825,True,False,True
334,0,3,-1.0268355210026217,2,0,-0.3387884952504494,True,False,True
335,1,1,-0.10463740114712752,1,0,2.894557571485825,False,False,True
336,0,3,-0.10463740114712752,0,0,-0.6860532752523592,True,False,True
337,0,1,-0.027787557825836348,1,0,1.3315137857903863,True,False,True
338,1,1,0.8944105620296577,0,0,2.894557571485825,False,False,False
339,1,3,1.2018099353148226,0,0,-0.6807536741878222,True,False,True
340,0,1,1.2018099353148226,0,0,0.2626577993630203,True,False,True
341,1,2,-2.1027333275006983,1,1,-0.06384161771286326,True,False,True
342,1,1,-0.41203677443229225,3,2,2.894557571485825,False,False,True
343,0,2,-0.10463740114712752,0,0,-0.5106302937114408,True,False,True
344,0,2,-0.33518693111100106,0,0,-0.5106302937114408,True,False,True
345,0,2,0.5101613454232019,0,0,-0.5106302937114408,True,False,True
346,1,2,-0.41203677443229225,0,0,-0.5106302937114408,False,False,True
347,1,2,0.8175607187083667,0,0,-0.5106302937114408,False,False,True
348,1,3,-0.10463740114712752,1,0,-0.4040883786656261,False,False,True
349,1,3,-2.025883484179407,1,1,-0.41096205060406577,True,False,True
350,0,3,0.9712604053509489,0,0,-0.6597030538763509,True,False,True
351,0,3,-0.48888661775358344,0,0,-0.6403708515494894,True,False,True
352,0,1,-0.10463740114712752,0,0,0.24547361951692118,True,False,True
353,0,3,-1.1036853643239128,1,1,-0.7089632238231787,True,False,False
354,0,3,-0.33518693111100106,1,0,-0.34566216718888904,True,False,True
355,0,3,-0.10463740114712752,0,0,-0.7091075709338859,True,False,False
356,0,3,-0.10463740114712752,0,0,-0.6309195526341347,True,False,True
357,1,1,-0.5657364610748746,0,1,0.9328408133608866,False,False,True
358,0,2,0.6638610320657843,0,0,-0.5106302937114408,False,False,True
359,1,3,-0.10463740114712752,0,0,-0.6866237900232497,False,True,False
360,1,3,-0.10463740114712752,0,0,-0.6866237900232497,False,True,False
361,0,3,0.8175607187083667,1,4,0.0014582657023134015,True,False,True
362,0,2,-0.027787557825836348,1,0,-0.0047005443545284605,True,False,False
363,0,3,1.2018099353148226,0,1,-0.46065182504704605,False,False,False
364,0,3,0.4333115021019107,0,0,-0.7091075709338859,True,False,True
365,0,3,-0.10463740114712752,1,0,-0.42470939448094513,True,True,False
366,0,3,0.04906228549545483,0,0,-0.7082483619415808,True,False,True
367,1,1,2.3545575851341902,1,0,1.6288000971279015,False,False,False
368,1,3,-0.10463740114712752,0,0,-0.7089632238231787,False,False,False
369,1,3,-0.10463740114712752,0,0,-0.6910641820954817,False,True,False
370,1,1,-0.41203677443229225,0,0,1.4243083569593216,False,False,False
371,1,1,-0.33518693111100106,1,0,0.9480213178369304,True,False,False
372,0,3,-0.8731358343600393,1,0,-0.7091075709338859,True,False,True
373,0,3,-0.7962859910387481,0,0,-0.6807536741878222,True,False,True
374,0,1,-0.5657364610748746,0,0,2.894557571485825,True,False,False
375,0,3,-2.025883484179407,3,1,-0.23310578919693978,False,False,True
376,1,1,-0.10463740114712752,1,0,1.8666566408856673,False,False,False
377,1,3,-0.5657364610748746,0,0,-0.7082483619415808,False,False,True
378,0,1,-0.1814872444684187,0,2,2.894557571485825,True,False,False
379,0,3,-0.719436147717457,0,0,-0.7091075709338859,True,False,False
380,0,3,-0.7962859910387481,0,0,-0.6902049731031766,True,False,True
381,1,1,0.9712604053509489,0,0,2.894557571485825,False,False,False
382,1,3,-2.1795831708219895,0,2,-0.4164025619433408,False,False,False
383,0,3,0.20276197213803718,0,0,-0.685049719149347,True,False,True
384,1,1,0.4333115021019107,1,0,0.8297357342842918,False,False,True
385,0,3,-0.10463740114712752,0,0,-0.6860532752523592,True,False,True
386,0,2,-0.8731358343600393,0,0,1.5686554676665545,True,False,True
387,0,3,-2.1795831708219895,5,2,0.6544570998540805,True,False,True
388,1,2,0.5101613454232019,0,0,-0.5106302937114408,False,False,True
389,0,3,-0.10463740114712752,0,0,-0.6917790439770795,True,True,False
390,1,2,-0.9499856776813305,0,0,-0.5449986534036391,False,False,False
391,1,1,0.5101613454232019,1,2,2.894557571485825,True,False,True
392,1,3,-0.6425863043961658,0,0,-0.689490111221579,True,False,True
393,0,3,-0.10463740114712752,2,0,-0.685049719149347,True,False,True
394,1,1,-0.48888661775358344,1,0,2.894557571485825,False,False,False
395,1,3,-0.41203677443229225,0,2,-0.3834673628503072,False,False,True
396,0,3,-0.5657364610748746,0,0,-0.689490111221579,True,False,True
397,0,3,0.12591212881674602,0,0,-0.6874829990155547,False,False,True
398,0,2,1.2786597786361138,0,0,-0.06384161771286326,True,False,True
399,0,2,-0.48888661775358344,0,0,-0.5965511929419365,True,False,True
400,1,2,-0.10463740114712752,0,0,-0.5226592196037102,False,False,True
401,1,3,0.7407108753870755,0,0,-0.685049719149347,True,False,True
402,0,3,-0.2583370877897099,0,0,-0.6807536741878222,True,False,True
403,0,3,-0.6425863043961658,1,0,-0.6197498357341703,False,False,True
404,0,3,-0.10463740114712752,1,0,-0.41268046858867574,True,False,True
405,0,3,-0.719436147717457,0,0,-0.6597030538763509,False,False,True
406,0,2,0.35646165878061953,1,0,-0.23568341617385463,True,False,True
407,0,3,1.6629089952425695,0,0,-0.6910641820954817,True,False,True
408,1,2,-2.025883484179407,1,1,-0.31301222548130075,True,False,True
409,0,3,-0.6425863043961658,0,0,-0.6902049731031766,True,False,True
410,0,3,-0.10463740114712752,3,1,-0.08217026393671262,False,False,True
411,0,3,-0.10463740114712752,0,0,-0.6860532752523592,True,False,True
412,0,3,-0.10463740114712752,0,0,-0.7091075709338859,True,True,False
413,1,1,0.27961181545932834,1,0,2.135733402587826,False,True,False
414,0,2,-0.10463740114712752,0,0,-0.7091075709338859,True,False,True
415,1,3,1.1249600919935314,0,0,-0.685049719149347,True,False,True
416,0,3,-0.10463740114712752,0,0,-0.6807536741878222,False,False,True
417,1,2,0.35646165878061953,1,1,0.1595527202864255,False,False,True
418,1,2,-0.8731358343600393,0,2,-0.5106302937114408,False,False,True
419,0,2,0.04906228549545483,0,0,-0.5106302937114408,True,False,True
420,0,3,-1.4879345809303688,0,2,-0.12742308314343012,False,False,True
421,0,3,-0.10463740114712752,0,0,-0.6860532752523592,True,False,False
422,0,3,-0.6425863043961658,0,0,-0.6916381337023414,True,True,False
423,0,3,-0.027787557825836348,0,0,-0.6867681371339569,True,False,True
424,0,3,-0.10463740114712752,1,1,-0.4625145901423632,False,False,True
425,0,3,-0.8731358343600393,1,1,-0.2627484994314608,True,False,True
426,0,3,-0.10463740114712752,0,0,-0.7082483619415808,True,False,True
427,1,2,-0.10463740114712752,1,0,-0.06384161771286326,False,False,True
428,1,2,-0.7962859910387481,0,0,-0.06384161771286326,False,False,True
429,0,3,-0.10463740114712752,0,0,-0.6910641820954817,True,True,False
430,1,3,0.20276197213803718,0,0,-0.6807536741878222,True,False,True
431,1,1,-0.10463740114712752,0,0,-0.044939019882154194,True,False,True
432,1,3,-0.10463740114712752,1,0,-0.4040883786656261,False,False,True
433,1,2,0.9712604053509489,1,0,-0.06384161771286326,False,False,True
434,0,3,-0.9499856776813305,0,0,-0.7091075709338859,True,False,True
435,0,1,1.5860591519212783,1,0,0.963772337083865,True,False,True
436,1,1,-1.180535207645204,1,2,2.894557571485825,False,False,True
437,0,3,-0.6425863043961658,2,2,0.22399339470929724,False,False,True
438,1,2,-0.41203677443229225,2,3,-0.31301222548130075,False,False,True
439,0,1,2.661956958419355,1,4,2.894557571485825,True,False,True
440,0,2,0.12591212881674602,0,0,-0.5965511929419365,True,False,True
441,1,2,1.2018099353148226,1,1,-0.0552495277898137,False,False,True
442,0,3,-0.719436147717457,0,0,-0.6309195526341347,True,False,True
443,0,3,-0.33518693111100106,1,0,-0.6902049731031766,True,False,True
444,1,2,-0.10463740114712752,0,0,-0.5106302937114408,False,False,True
445,1,3,-0.10463740114712752,0,0,-0.6786056517070598,True,False,True
446,1,1,-1.949033640858116,0,2,1.8559165284818553,True,False,True
447,1,2,-1.2573850509664952,0,1,-0.28723595571215205,False,False,True
448,1,1,0.35646165878061953,0,0,-0.044939019882154194,True,False,True
449,1,3,-1.8721837975368247,2,1,-0.2955427882497564,False,False,False
450,1,1,1.7397588385638607,0,0,0.09081600090202896,True,False,True
451,0,2,0.5101613454232019,1,2,-0.0036969882515162904,True,False,True
452,0,3,-0.10463740114712752,1,0,-0.2711962422438031,True,False,True
453,0,1,0.04906228549545483,0,0,-0.0036969882515162904,True,False,False
454,1,1,1.5092093085999871,1,0,2.104946225975555,True,False,False
455,0,3,-0.10463740114712752,0,0,-0.6807536741878222,True,False,True
456,1,3,-0.027787557825836348,0,0,-0.6860532752523592,True,False,False
457,0,1,2.738806801740646,0,0,-0.044939019882154194,True,False,True
458,1,1,-0.10463740114712752,1,0,0.8250100848266144,False,False,True
459,1,2,1.5860591519212783,0,0,-0.5965511929419365,False,False,True
460,0,3,-0.10463740114712752,0,0,-0.6910641820954817,True,True,False
461,1,1,1.432359465278696,0,0,-0.044939019882154194,True,False,True
462,0,3,0.35646165878061953,0,0,-0.6807536741878222,True,False,True
463,0,1,1.3555096219574048,0,0,0.36576287843961514,True,False,True
464,0,2,1.432359465278696,0,0,-0.5106302937114408,True,False,True
465,0,3,-0.10463740114712752,0,0,-0.6807536741878222,True,False,True
466,0,3,0.6638610320657843,0,0,-0.7091075709338859,True,False,True
467,0,2,-0.10463740114712752,0,0,-0.7091075709338859,True,False,True
468,0,1,2.0471582118490255,0,0,-0.044939019882154194,True,False,True
469,0,3,-0.10463740114712752,0,0,-0.6919233910877868,True,True,False
470,1,3,-2.1987956316523123,2,1,-0.2955427882497564,False,False,False
471,0,3,-0.10463740114712752,0,0,-0.7082483619415808,True,False,True
472,0,3,0.6638610320657843,0,0,-0.6597030538763509,True,False,True
473,1,2,0.27961181545932834,1,2,-0.0036969882515162904,False,False,True
474,1,2,-0.48888661775358344,0,0,-0.4834208633431274,False,False,False
475,0,3,-0.5657364610748746,0,0,-0.6193202312380177,False,False,True
476,0,1,-0.10463740114712752,0,0,0.8297357342842918,True,False,True
477,0,2,0.35646165878061953,1,0,-0.23568341617385463,True,False,True
478,0,3,-0.027787557825836348,1,0,-0.7091075709338859,True,False,True
479,0,3,-0.5657364610748746,0,0,-0.6989414101369336,True,False,True
480,1,3,-2.1027333275006983,0,1,-0.535117749992132,False,False,True
481,0,3,-1.56478442425166,5,2,0.6544570998540805,True,False,True
482,0,2,-0.10463740114712752,0,0,-0.7091075709338859,True,False,True
483,0,3,1.5860591519212783,0,0,-0.6807536741878222,True,False,True
484,1,3,2.585107115098064,0,0,-0.6279123211610673,False,False,True
485,1,1,-0.33518693111100106,1,0,2.172823736367646,True,False,False
486,0,3,-0.10463740114712752,3,1,-0.08217026393671262,False,False,True
487,1,1,0.4333115021019107,1,0,2.135733402587826,False,False,True
488,0,1,2.200857898491608,0,0,0.06332131314827032,True,False,False
489,0,3,0.04906228549545483,0,0,-0.6807536741878222,True,False,True
490,1,3,-1.56478442425166,1,1,-0.41096205060406577,True,False,True
491,0,3,-0.10463740114712752,1,0,-0.2711962422438031,True,False,True
492,0,3,-0.6425863043961658,0,0,-0.7082483619415808,True,False,True
493,0,1,1.9703083685277343,0,0,0.09081600090202896,True,False,True
494,0,1,3.1999058616683933,0,0,0.7439591821645033,True,False,False
495,0,3,-0.6425863043961658,0,0,-0.6807536741878222,True,False,True
496,0,3,-0.10463740114712752,0,0,-0.46051091477230804,True,False,False
497,1,1,1.893458525206443,1,0,1.732479127811356,False,False,False
498,0,3,-0.10463740114712752,0,0,-0.43845673835782445,True,False,True
499,0,1,-0.33518693111100106,1,2,2.894557571485825,False,False,True
500,0,3,-0.41203677443229225,0,0,-0.689490111221579,True,False,True
501,0,3,-0.9499856776813305,0,0,-0.6597030538763509,True,False,True
502,0,3,-0.6425863043961658,0,0,-0.6910641820954817,False,True,False
503,0,3,-0.10463740114712752,0,0,-0.6952158799462992,False,True,False
504,0,3,0.5870111887444931,0,0,-0.6279123211610673,False,False,True
505,1,1,-1.0268355210026217,0,0,2.015444143665132,False,False,True
506,0,1,-0.8731358343600393,1,0,2.7852954007703734,True,False,False
507,1,2,0.27961181545932834,0,2,-0.06384161771286326,False,False,True
508,1,1,-0.10463740114712752,0,0,-0.044939019882154194,True,False,True
509,0,3,-0.10463740114712752,0,0,-0.1832716676432523,True,False,True
510,1,3,-0.2583370877897099,0,0,0.9842490057884768,True,False,True
511,1,3,-0.027787557825836348,0,0,-0.6910641820954817,True,True,False
512,0,3,-0.10463740114712752,0,0,-0.6807536741878222,True,False,True
513,1,1,0.5101613454232019,0,0,-0.05396071430135621,True,False,True
514,1,1,1.893458525206443,1,0,1.084061596006559,False,False,False
515,0,3,-0.41203677443229225,0,0,-0.6998006191292385,True,False,True
516,0,1,1.3555096219574048,0,0,0.21182012170632067,True,False,True
517,1,2,0.35646165878061953,0,0,-0.5965511929419365,False,False,True
518,0,3,-0.10463740114712752,0,0,-0.12742308314343012,True,True,False
519,1,2,0.5101613454232019,1,0,-0.06384161771286326,False,False,True
520,0,3,0.20276197213803718,0,0,-0.6860532752523592,True,False,True
521,1,1,0.04906228549545483,0,0,2.25602266151052,False,False,True
522,0,3,-0.5657364610748746,0,0,-0.6860532752523592,True,False,True
523,0,3,-0.10463740114712752,0,0,-0.7091075709338859,True,False,False
524,1,1,1.1249600919935314,0,1,1.0352310305558836,False,False,False
525,0,3,-0.10463740114712752,0,0,-0.7089632238231787,True,False,False
526,0,3,0.8559856403690123,0,0,-0.6910641820954817,True,True,False
527,1,2,1.5860591519212783,0,0,-0.5965511929419365,False,False,True
528,0,1,-0.10463740114712752,0,0,2.894557571485825,True,False,True
529,0,3,0.7407108753870755,0,0,-0.685049719149347,True,False,True
530,0,2,-0.48888661775358344,2,1,-0.5621828332497382,True,False,True
531,1,2,-2.1027333275006983,1,1,-0.06384161771286326,False,False,True
532,0,3,-0.10463740114712752,0,0,-0.7089632238231787,True,False,False
533,0,3,-0.9499856776813305,1,1,-0.7089632238231787,True,False,False
534,1,3,-0.10463740114712752,0,2,-0.1890008732039417,False,False,False
535,0,3,0.04906228549545483,0,0,-0.6597030538763509,False,False,True
536,1,2,-1.7184841108942424,0,2,-0.0552495277898137,False,False,True
537,0,1,1.2018099353148226,0,0,-0.044939019882154194,True,False,True
538,1,1,0.04906228549545483,0,0,2.7002337105321823,False,False,False
539,0,3,-0.10463740114712752,0,0,-0.4590777541731434,True,False,True
540,1,1,-0.5657364610748746,0,2,0.7438148350537961,False,False,False
541,1,1,0.5101613454232019,0,2,1.4827345684360589,False,False,True
542,0,3,-1.56478442425166,4,2,0.11745147966348257,False,False,True
543,0,3,-1.4110847376090776,4,2,0.11745147966348257,False,False,True
544,1,2,0.20276197213803718,1,0,-0.06384161771286326,True,False,True
545,0,1,1.5860591519212783,1,0,2.7002337105321823,True,False,False
546,0,1,2.661956958419355,0,0,-0.06384161771286326,True,False,True
547,1,2,-0.7962859910387481,1,0,-0.06384161771286326,False,False,True
548,1,2,-0.10463740114712752,0,0,-0.4809875834769198,True,False,False
549,0,3,0.27961181545932834,1,1,-0.25200838702764883,True,False,True
550,1,2,-1.6416342675729512,1,1,0.30561824897826817,True,False,True
551,1,1,-0.9499856776813305,0,2,2.85345816854791,True,False,False
552,0,2,-0.1814872444684187,0,0,-0.06384161771286326,True,False,True
553,0,3,-0.10463740114712752,0,0,-0.6883422080078596,True,True,False
554,1,3,-0.5657364610748746,0,0,-0.7091075709338859,True,False,False
555,1,3,-0.5657364610748746,0,0,-0.6902049731031766,False,False,True
556,0,1,2.5082572717767726,0,0,-0.044939019882154194,True,False,True
557,1,1,1.432359465278696,1,0,0.4035680741010333,False,False,False
558,0,1,-0.10463740114712752,0,0,2.894557571485825,True,False,False
559,1,1,0.7407108753870755,1,1,1.7800208797735741,False,False,True
560,1,3,0.5101613454232019,1,0,-0.35940951106576846,False,False,True
561,0,3,-0.10463740114712752,0,0,-0.6910641820954817,True,True,False
562,0,3,0.8175607187083667,0,0,-0.6860532752523592,True,False,True
563,0,2,-0.10463740114712752,0,0,-0.49344611386534165,True,False,True
564,0,3,-0.10463740114712752,0,0,-0.6807536741878222,True,False,True
565,0,3,-0.10463740114712752,0,0,-0.6807536741878222,False,False,True
566,0,3,-0.41203677443229225,2,0,-0.12742308314343012,True,False,True
567,0,3,-0.7962859910387481,0,0,-0.6860532752523592,True,False,True
568,0,3,-0.027787557825836348,0,4,-0.23310578919693978,False,False,True
569,0,3,-0.10463740114712752,0,0,-0.7089632238231787,True,False,False
570,1,3,0.20276197213803718,0,0,-0.6874829990155547,True,False,True
571,1,2,2.5082572717767726,0,0,-0.5965511929419365,True,False,True
572,1,1,1.816608681885152,2,0,0.8118366925565949,False,False,True
573,1,1,0.5101613454232019,0,0,-0.05052387833213646,True,False,True
574,1,3,-0.10463740114712752,0,0,-0.6910641820954817,False,True,False
575,0,3,-1.0268355210026217,0,0,-0.6807536741878222,True,False,True
576,0,3,-0.7962859910387481,0,0,-0.4590777541731434,True,False,True
577,1,2,0.35646165878061953,0,0,-0.5106302937114408,False,False,True
578,1,1,0.7407108753870755,1,0,0.963772337083865,False,False,True
579,0,3,-0.10463740114712752,1,0,-0.46051091477230804,False,False,False
580,1,3,0.20276197213803718,0,0,-0.685049719149347,True,False,True
581,1,2,-0.33518693111100106,1,1,0.07363182105592982,False,False,True
582,1,1,0.7407108753870755,1,1,2.85345816854791,False,False,False
583,0,2,1.893458525206443,0,0,-0.06384161771286326,True,False,True
584,0,1,0.5101613454232019,0,0,0.4216114629394373,True,False,False
585,0,3,-0.10463740114712752,0,0,-0.6579846358917408,True,False,False
586,1,1,-0.8731358343600393,0,2,1.7800208797735741,False,False,True
587,0,2,1.3555096219574048,0,0,-0.44189357432704424,True,False,True
588,1,1,2.3545575851341902,1,1,1.7645551179120846,True,False,False
589,0,3,-0.5657364610748746,0,0,-0.6807536741878222,True,False,True
590,0,3,-0.10463740114712752,0,0,-0.6807536741878222,True,False,True
591,0,3,0.4333115021019107,0,0,-0.7091075709338859,True,False,True
592,1,1,1.7397588385638607,1,0,1.732479127811356,False,False,False
593,0,3,1.3555096219574048,0,0,-0.7082483619415808,True,False,True
594,0,3,-0.10463740114712752,0,2,-0.6910641820954817,False,True,False
595,0,2,0.5870111887444931,1,0,-0.06384161771286326,True,False,True
596,0,3,0.5101613454232019,1,1,-0.12742308314343012,True,False,True
597,1,2,-0.10463740114712752,0,0,0.17673690013252463,False,False,True
598,0,3,1.5092093085999871,0,0,-0.7091075709338859,True,False,True
599,0,3,-0.10463740114712752,0,0,-0.7091075709338859,True,False,False
600,1,1,1.5092093085999871,1,0,0.9991442528790756,True,False,False
601,1,2,-0.41203677443229225,2,1,-0.029473258020664993,False,False,True
602,0,3,-0.10463740114712752,0,0,-0.6860532752523592,True,False,True
603,0,1,-0.10463740114712752,0,0,0.4997994812391883,True,False,True
604,0,3,1.1249600919935314,0,0,-0.6807536741878222,True,False,True
605,1,1,0.4333115021019107,0,0,-0.044939019882154194,True,False,False
606,0,3,0.5101613454232019,1,0,-0.42299097649633516,True,False,True
607,0,3,0.04906228549545483,0,0,-0.6860532752523592,True,False,True
608,1,1,-0.1814872444684187,0,0,0.09081600090202896,True,False,True
609,1,2,-0.5657364610748746,1,2,0.47158993160383206,False,False,False
610,1,1,0.8175607187083667,0,0,2.894557571485825,False,False,True
611,0,3,0.7407108753870755,1,5,0.11745147966348257,False,False,True
612,0,3,-0.10463740114712752,0,0,-0.7091075709338859,True,False,True
613,1,3,-0.10463740114712752,1,0,-0.42470939448094513,False,True,False
614,0,3,-0.10463740114712752,0,0,-0.6910641820954817,True,True,False
615,0,3,0.4333115021019107,0,0,-0.6807536741878222,True,False,True
616,1,2,-0.41203677443229225,1,2,1.2765244102828692,False,False,True
617,0,3,0.35646165878061953,1,1,-0.4625145901423632,True,False,True
618,0,3,-0.2583370877897099,1,0,-0.4040883786656261,False,False,True
619,1,2,-1.949033640858116,2,1,0.38294705828571424,False,False,True
620,0,2,-0.2583370877897099,0,0,-0.5965511929419365,True,False,True
621,0,3,-0.1814872444684187,1,0,-0.46065182504704605,True,False,False
622,1,1,0.9712604053509489,1,0,0.8487826792257082,True,False,True
623,1,3,-0.719436147717457,1,1,-0.4164025619433408,True,False,False
624,0,3,-0.6425863043961658,0,0,-0.6874829990155547,True,False,True
625,0,3,-0.6425863043961658,0,0,-0.4040883786656261,True,False,True
626,0,1,2.4314074284554814,0,0,0.1533939102295835,True,False,True
627,0,2,2.1240080551703167,0,0,-0.5329697275113697,True,True,False
628,1,1,-0.6425863043961658,0,0,1.7218799256822819,False,False,True
629,0,3,-0.2583370877897099,0,0,-0.6860532752523592,True,False,True
630,0,3,-0.10463740114712752,0,0,-0.6916381337023414,True,True,False
631,1,1,3.8915544515600136,0,0,0.07363182105592982,True,False,True
632,0,3,1.6629089952425695,0,0,-0.7091075709338859,True,False,True
633,1,1,0.20276197213803718,0,0,0.09081600090202896,True,False,False
634,0,1,-0.10463740114712752,0,0,-0.7091075709338859,True,False,True
635,0,3,-1.56478442425166,3,2,0.0014582657023134015,False,False,True
636,1,2,-0.10463740114712752,0,0,-0.5106302937114408,False,False,True
637,0,3,0.20276197213803718,0,0,-0.685049719149347,True,False,True
638,0,2,0.12591212881674602,1,1,-0.0552495277898137,True,False,True
639,0,3,0.8944105620296577,0,5,0.4065753055741006,False,False,True
640,0,3,-0.10463740114712752,1,0,-0.4040883786656261,True,False,True
641,0,3,-0.719436147717457,0,0,-0.6874829990155547,True,False,True
642,1,1,-0.41203677443229225,0,0,1.4243083569593216,False,False,False
643,0,3,-2.1027333275006983,3,2,0.0014582657023134015,False,False,True
644,1,3,-0.10463740114712752,0,0,0.9842490057884768,True,False,True
645,1,3,-2.1987956316523123,2,1,-0.2955427882497564,False,False,False
646,1,1,1.432359465278696,1,0,1.6796377747846014,True,False,False
647,0,3,-0.7962859910387481,0,0,-0.6860532752523592,True,False,True
648,1,1,2.0471582118490255,0,0,0.2626577993630203,True,False,False
649,0,3,-0.10463740114712752,0,0,-0.6979378540339214,True,False,True
650,1,3,-0.48888661775358344,0,0,-0.6979378540339214,False,False,True
651,0,3,-0.10463740114712752,0,0,-0.6860532752523592,True,False,True
652,1,2,-0.8731358343600393,0,1,-0.1669466967894581,False,False,True
653,0,3,-0.6425863043961658,0,0,-0.6675802819178026,True,False,True
654,1,3,-0.10463740114712752,0,0,-0.6883422080078596,False,True,False
655,0,3,-0.8731358343600393,0,0,-0.7091075709338859,False,True,False
656,0,2,-0.41203677443229225,2,0,1.5686554676665545,True,False,True
657,0,3,-0.10463740114712752,0,0,-0.6860532752523592,True,False,True
658,0,3,0.20276197213803718,1,1,-0.42470939448094513,False,True,False
659,0,2,-0.48888661775358344,0,0,-0.5106302937114408,True,False,True
660,0,1,2.200857898491608,0,2,2.894557571485825,True,False,False
661,1,1,1.5860591519212783,2,0,2.894557571485825,True,False,True
662,0,3,0.8175607187083667,0,0,-0.7091075709338859,True,False,False
663,0,1,1.3555096219574048,0,0,-0.0780185660858951,True,False,True
664,0,3,0.5101613454232019,0,0,-0.6998006191292385,True,False,True
665,1,3,-0.719436147717457,1,0,-0.685049719149347,True,False,True
666,0,2,0.20276197213803718,2,0,1.5686554676665545,True,False,True
667,0,2,-0.33518693111100106,0,0,-0.5106302937114408,True,False,True
668,0,3,-0.10463740114712752,0,0,-0.6902049731031766,True,False,True
669,0,3,1.0481102486722402,0,0,-0.6807536741878222,True,False,True
670,1,1,-0.10463740114712752,1,0,0.8297357342842918,False,False,True
671,1,2,0.8175607187083667,1,1,0.38294705828571424,False,False,True
672,0,1,0.12591212881674602,1,0,0.8297357342842918,True,False,True
673,0,2,3.123056018347102,0,0,-0.5965511929419365,True,False,True
674,1,2,0.12591212881674602,0,0,-0.5106302937114408,True,False,True
675,0,2,-0.10463740114712752,0,0,-0.7091075709338859,True,False,True
676,0,3,-0.8731358343600393,0,0,-0.6902049731031766,True,False,True
677,0,3,-0.37361185277164666,0,0,-0.6807536741878222,True,False,True
678,1,3,-0.8731358343600393,0,0,-0.6191758841273106,False,False,True
679,0,3,1.0481102486722402,1,6,0.6544570998540805,False,False,True
680,1,1,0.5101613454232019,0,1,2.894557571485825,True,False,False
681,0,3,-0.10463740114712752,0,0,-0.6777464427147549,False,True,False
682,1,1,-0.1814872444684187,0,0,1.6796377747846014,True,False,False
683,0,3,-0.719436147717457,0,0,-0.6403708515494894,True,False,True
684,0,3,-1.180535207645204,5,2,0.6544570998540805,True,False,True
685,0,2,2.3545575851341902,1,1,0.38294705828571424,True,False,True
686,0,2,-0.33518693111100106,1,2,0.47158993160383206,True,False,False
687,0,3,-1.180535207645204,4,1,0.4065753055741006,True,False,True
688,0,3,-0.7962859910387481,0,0,-0.6078652569526082,True,False,True
689,0,3,-0.8731358343600393,0,0,-0.689490111221579,True,False,True
690,1,1,-1.1036853643239128,0,1,2.894557571485825,False,False,True
691,1,1,0.12591212881674602,1,0,1.0015775327452832,True,False,True
692,1,3,-1.949033640858116,0,1,-0.49630899822770175,False,False,False
693,1,3,-0.10463740114712752,0,0,0.9842490057884768,True,False,True
694,0,3,-0.33518693111100106,0,0,-0.7091075709338859,True,False,False
695,0,1,2.3545575851341902,0,0,-0.044939019882154194,True,False,True
696,0,2,1.7397588385638607,0,0,-0.49344611386534165,True,False,True
697,0,3,1.1249600919935314,0,0,-0.6807536741878222,True,False,True
698,1,3,-0.10463740114712752,0,0,-0.6916381337023414,False,True,False
699,0,1,1.5092093085999871,1,1,2.85345816854791,True,False,False
700,0,3,0.9712604053509489,0,0,-0.6945010180647014,True,False,True
701,1,1,-0.8731358343600393,1,0,2.894557571485825,False,False,False
702,1,1,0.4333115021019107,0,0,-0.05396071430135621,True,False,True
703,0,3,-0.8731358343600393,0,1,-0.46065182504704605,False,False,False
704,0,3,-0.33518693111100106,0,0,-0.691349439480927,True,True,False
705,0,3,-0.2583370877897099,1,0,-0.6874829990155547,True,False,True
706,0,2,0.7407108753870755,0,0,-0.06384161771286326,True,False,True
707,1,2,1.2018099353148226,0,0,-0.49344611386534165,False,False,True
708,1,1,0.9712604053509489,0,0,-0.05396071430135621,True,False,True
709,1,1,-0.5657364610748746,0,0,2.894557571485825,False,False,True
710,1,3,-0.10463740114712752,1,1,-0.43344583151470195,True,False,False
711,1,1,-0.41203677443229225,0,0,0.7439591821645033,False,False,False
712,0,1,-0.10463740114712752,0,0,-0.044939019882154194,True,False,True
713,1,1,1.432359465278696,1,0,0.8297357342842918,True,False,True
714,0,3,-0.027787557825836348,0,0,-0.6314935042409945,True,False,True
715,0,2,1.7397588385638607,0,0,-0.5106302937114408,True,False,True
716,0,3,-0.7962859910387481,0,0,-0.6945010180647014,True,False,True
717,1,1,0.6638610320657843,0,0,2.894557571485825,False,False,False
718,1,2,-0.1814872444684187,0,0,-0.5965511929419365,False,False,True
719,0,3,-0.10463740114712752,0,0,-0.42470939448094513,True,True,False
720,0,3,0.27961181545932834,0,0,-0.6902049731031766,True,False,True
721,1,2,-1.7953339542155335,0,1,0.17673690013252463,False,False,True
722,0,3,-0.9499856776813305,1,0,-0.7091075709338859,True,False,True
723,0,2,0.35646165878061953,0,0,-0.5106302937114408,True,False,True
724,0,2,1.5860591519212783,0,0,-0.5106302937114408,True,False,True
725,1,1,-0.1814872444684187,1,0,0.86754092994571,True,False,True
726,0,3,-0.719436147717457,0,0,-0.6597030538763509,True,False,True
727,1,2,0.04906228549545483,3,0,-0.23568341617385463,False,False,True
728,1,3,-0.10463740114712752,0,0,-0.6914937865916342,False,True,False
729,0,2,-0.33518693111100106,1,0,-0.06384161771286326,True,False,True
730,0,3,-0.33518693111100106,1,0,-0.685049719149347,False,False,True
731,1,1,-0.027787557825836348,0,0,2.894557571485825,False,False,True
732,0,3,-1.4110847376090776,0,0,-0.31172341199284326,True,False,False
733,0,2,-0.10463740114712752,0,0,-0.7091075709338859,True,False,True
734,0,2,-0.48888661775358344,0,0,-0.5106302937114408,True,False,True
735,0,2,-0.48888661775358344,0,0,-0.5106302937114408,True,False,True
736,0,3,-0.06621247948648194,0,0,-0.4040883786656261,True,False,True
737,0,3,1.432359465278696,1,3,0.22399339470929724,False,False,True
738,1,1,0.4333115021019107,0,0,2.894557571485825,True,False,False
739,0,3,-0.10463740114712752,0,0,-0.6860532752523592,True,False,True
740,0,3,-0.10463740114712752,0,0,-0.6860532752523592,True,False,True
741,1,1,-0.10463740114712752,0,0,0.07363182105592982,True,False,True
742,0,1,0.5101613454232019,1,0,1.752526192019815,True,False,True
743,1,1,-0.6425863043961658,2,2,2.894557571485825,False,False,False
744,0,3,-0.41203677443229225,1,0,-0.4040883786656261,True,False,True
745,1,3,0.12591212881674602,0,0,-0.685049719149347,True,False,True
746,0,1,3.123056018347102,1,1,1.4827345684360589,True,False,True
747,0,3,-1.0268355210026217,1,1,-0.26145968594300334,True,False,True
748,1,2,0.04906228549545483,0,0,-0.5106302937114408,False,False,True
749,0,1,-0.7962859910387481,1,0,0.86754092994571,True,False,True
750,0,3,0.12591212881674602,0,0,-0.6910641820954817,True,True,False
751,1,2,-1.949033640858116,1,1,-0.1669466967894581,False,False,True
752,1,3,-1.7953339542155335,0,1,-0.5286736825498449,True,False,True
753,0,3,0.27961181545932834,0,0,-0.6309195526341347,True,False,True
754,0,3,-0.48888661775358344,0,0,-0.6860532752523592,True,False,True
755,1,2,1.432359465278696,1,2,1.2765244102828692,False,False,True
756,1,2,-2.204943619118015,1,1,-0.4590777541731434,True,False,True
757,0,3,-0.10463740114712752,0,0,-0.689490111221579,True,False,True
758,0,2,-0.8731358343600393,0,0,-0.5621828332497382,True,False,True
759,0,3,0.35646165878061953,0,0,-0.6807536741878222,True,False,True
760,1,1,0.27961181545932834,0,0,2.015444143665132,False,False,True
761,0,3,-0.10463740114712752,0,0,-0.4590777541731434,True,False,True
762,0,3,0.8944105620296577,0,0,-0.7091075709338859,True,False,True
763,1,3,-0.719436147717457,0,0,-0.7089632238231787,True,False,False
764,1,1,0.5101613454232019,1,2,2.894557571485825,False,False,True
765,0,3,-1.0268355210026217,0,0,-0.6902049731031766,True,False,True
766,1,1,1.6629089952425695,1,0,1.7218799256822819,False,False,True
767,0,1,-0.10463740114712752,0,0,0.4035680741010333,True,False,False
768,0,3,0.08748720715610042,0,0,-0.6910641820954817,False,True,False
769,0,3,-0.10463740114712752,1,0,-0.12742308314343012,True,True,False
770,0,3,0.20276197213803718,0,0,-0.6700135617840103,True,False,True
771,0,3,-0.41203677443229225,0,0,-0.6309195526341347,True,False,True
772,0,3,1.432359465278696,0,0,-0.6874829990155547,True,False,True
773,0,2,2.1240080551703167,0,0,-0.5965511929419365,False,False,True
774,0,3,-0.10463740114712752,0,0,-0.7091075709338859,True,False,False
775,1,2,1.893458525206443,1,3,-0.1669466967894581,False,False,True
776,0,3,-0.8731358343600393,0,0,-0.6910641820954817,True,False,True
777,0,3,-0.10463740114712752,0,0,-0.6910641820954817,True,True,False
778,1,3,-1.8721837975368247,0,0,-0.5286736825498449,False,False,True
779,0,3,-0.10463740114712752,0,0,-0.6914937865916342,True,True,False
780,1,1,1.0481102486722402,0,1,2.894557571485825,False,False,True
781,1,3,-1.2573850509664952,0,0,-0.7089632238231787,False,False,False
782,1,1,-0.9499856776813305,1,0,1.0015775327452832,False,False,True
783,0,1,-0.027787557825836348,0,0,0.07363182105592982,True,False,True
784,0,3,-0.10463740114712752,1,2,-0.15148093492796888,True,False,True
785,0,3,-0.33518693111100106,0,0,-0.7091075709338859,True,False,True
786,0,3,-0.33518693111100106,0,0,-0.7082483619415808,True,False,True
787,1,3,-0.8731358343600393,0,0,-0.6998006191292385,False,False,True
788,0,3,-1.6416342675729512,4,1,0.043559506325256334,True,True,False
789,1,3,-2.1795831708219895,1,2,-0.2502899690430389,True,False,True
790,0,1,1.2786597786361138,0,0,1.7645551179120846,True,False,False
791,0,3,-0.10463740114712752,0,0,-0.6910641820954817,True,True,False
792,0,2,-1.0268355210026217,0,0,-0.06384161771286326,True,False,True
793,0,3,-0.10463740114712752,8,2,1.4329004468823712,False,False,True
794,0,1,-0.10463740114712752,0,0,0.09754532572976132,True,False,False
795,0,3,-0.33518693111100106,0,0,-0.6860532752523592,True,False,True
796,0,2,0.7407108753870755,0,0,-0.5106302937114408,True,False,True
797,1,1,1.5092093085999871,0,0,-0.06627489757907085,False,False,True
798,1,3,0.12591212881674602,0,0,-0.6589881919947531,False,False,True
799,0,3,0.04906228549545483,0,0,-0.7089632238231787,True,False,False
800,0,3,0.04906228549545483,1,1,-0.12742308314343012,False,False,True
801,0,2,0.35646165878061953,0,0,-0.5106302937114408,True,False,True
802,1,2,0.12591212881674602,1,1,-0.0552495277898137,False,False,True
803,1,1,-1.4110847376090776,1,2,2.894557571485825,True,False,True
804,1,3,-2.224156079948338,0,1,-0.6647139607194733,True,False,False
805,1,3,-0.1814872444684187,0,0,-0.7091075709338859,True,False,True
806,0,3,0.12591212881674602,0,0,-0.6902049731031766,True,False,True
807,0,1,0.7407108753870755,0,0,-0.7091075709338859,True,False,True
808,0,3,-0.8731358343600393,0,0,-0.6902049731031766,False,False,True
809,0,2,0.7407108753870755,0,0,-0.5106302937114408,True,False,True
810,1,1,0.27961181545932834,1,0,0.86754092994571,False,False,True
811,0,3,-0.2583370877897099,0,0,-0.6863385326378044,True,False,True
812,0,3,0.7407108753870755,0,0,-0.12742308314343012,True,False,True
813,0,2,0.4333115021019107,0,0,-0.5965511929419365,True,False,True
814,0,3,-1.7953339542155335,4,2,0.11745147966348257,False,False,True
815,0,3,0.08748720715610042,0,0,-0.6807536741878222,True,False,True
816,0,1,-0.10463740114712752,0,0,-0.7091075709338859,True,False,True
817,0,3,-0.48888661775358344,0,0,-0.685049719149347,False,False,True
818,0,2,0.12591212881674602,1,1,0.3143546860120249,True,False,False
819,0,3,1.0481102486722402,0,0,-0.7091075709338859,True,False,True
820,0,3,-1.4879345809303688,3,2,0.0014582657023134015,True,False,True
821,1,1,1.7397588385638607,1,1,2.25602266151052,False,False,True
822,1,3,-0.1814872444684187,0,0,-0.6597030538763509,True,False,True
823,0,1,0.6638610320657843,0,0,-0.7091075709338859,True,False,True
824,1,3,-0.1814872444684187,0,1,-0.5286736825498449,False,False,True
825,0,3,-2.1027333275006983,4,1,0.4065753055741006,True,False,True
826,0,3,-0.10463740114712752,0,0,-0.7091075709338859,True,True,False
827,0,3,-0.10463740114712752,0,0,0.9842490057884768,True,False,True
828,1,2,-2.1795831708219895,0,2,0.3143546860120249,True,False,False
829,1,3,-0.10463740114712752,0,0,-0.6910641820954817,True,True,False
830,1,1,2.5082572717767726,0,0,1.7920498056658432,False,False,True
831,1,3,-1.1036853643239128,1,0,-0.46065182504704605,False,False,False
832,1,2,-2.192647644186609,1,1,-0.31301222548130075,True,False,True
833,0,3,-0.10463740114712752,0,0,-0.7089632238231787,True,False,False
834,0,3,-0.48888661775358344,0,0,-0.6874829990155547,True,False,True
835,0,3,-0.8731358343600393,0,0,-0.6721615842647727,True,False,True
836,1,1,0.7407108753870755,1,1,1.900595396081713,False,False,False
837,0,3,-0.6425863043961658,0,0,-0.6597030538763509,True,False,True
838,0,3,-0.10463740114712752,0,0,-0.6807536741878222,True,False,True
839,1,3,0.20276197213803718,0,0,0.9842490057884768,True,False,True
840,1,1,-0.10463740114712752,0,0,0.06332131314827032,True,False,False
841,0,3,-0.719436147717457,0,0,-0.685049719149347,True,False,True
842,0,2,-1.0268355210026217,0,0,-0.5965511929419365,True,False,True
843,1,1,0.04906228549545483,0,0,0.10800018074812809,False,False,False
844,0,3,0.3948865804412651,0,0,-0.7091075709338859,True,False,False
845,0,3,-0.9499856776813305,0,0,-0.6597030538763509,True,False,True
846,0,3,0.9712604053509489,0,0,-0.6979378540339214,True,False,True
847,0,3,-0.10463740114712752,8,2,1.4329004468823712,True,False,True
848,0,3,0.4333115021019107,0,0,-0.6860532752523592,True,False,False
849,0,2,-0.10463740114712752,0,1,0.17673690013252463,True,False,True
850,1,1,-0.10463740114712752,1,0,2.104946225975555,False,False,False
851,0,3,-1.949033640858116,4,2,0.11745147966348257,True,False,True
852,0,3,3.430455391632267,0,0,-0.6902049731031766,True,False,True
853,0,3,-1.56478442425166,1,1,-0.43344583151470195,False,False,False
854,1,1,-1.0268355210026217,0,1,0.3966944021625935,False,False,True
855,0,2,1.1249600919935314,1,0,-0.06384161771286326,False,False,True
856,1,3,-0.8731358343600393,0,1,-0.6360748065879646,False,False,True
857,1,1,1.2018099353148226,1,1,2.894557571485825,False,False,True
858,1,1,1.6629089952425695,0,0,-0.044939019882154194,True,False,True
859,1,3,-0.41203677443229225,0,3,-0.2955427882497564,False,False,False
860,0,3,-0.10463740114712752,0,0,-0.7089632238231787,True,False,False
861,0,3,0.8944105620296577,2,0,-0.47253984066457744,True,False,True
862,0,2,-0.6425863043961658,1,0,-0.5621828332497382,True,False,True
863,1,1,1.432359465278696,0,0,-0.06627489757907085,False,False,True
864,0,3,-0.10463740114712752,8,2,1.4329004468823712,False,False,True
865,0,2,-0.41203677443229225,0,0,-0.5106302937114408,True,False,True
866,1,2,0.9712604053509489,0,0,-0.5106302937114408,False,False,True
867,1,2,-0.1814872444684187,1,0,-0.48113193058762704,False,False,False
868,0,1,0.12591212881674602,0,0,0.7780388476352872,True,False,True
869,0,3,-0.10463740114712752,0,0,-0.6309195526341347,True,False,True
870,1,3,-1.949033640858116,1,1,-0.5747857107488672,True,False,True
871,0,3,-0.2583370877897099,0,0,-0.6860532752523592,True,False,True
872,1,1,1.3555096219574048,1,1,0.8487826792257082,False,False,True
873,0,1,0.27961181545932834,0,0,-0.7091075709338859,True,False,True
874,0,3,1.3555096219574048,0,0,-0.6481037324802339,True,False,True
875,1,2,-0.10463740114712752,1,0,-0.1325783370972598,False,False,False
876,1,3,-1.1036853643239128,0,0,-0.7091075709338859,False,False,False
877,0,3,-0.719436147717457,0,0,-0.6190349738525726,True,False,True
878,0,3,-0.7962859910387481,0,0,-0.6860532752523592,True,False,True
879,0,3,-0.10463740114712752,0,0,-0.6860532752523592,True,False,True
880,1,1,2.0471582118490255,0,1,1.900595396081713,False,False,False
881,1,2,-0.33518693111100106,0,1,-0.06384161771286326,False,False,True
882,0,3,0.27961181545932834,0,0,-0.6860532752523592,True,False,True
883,0,3,-0.5657364610748746,0,0,-0.5959772413350768,False,False,True
884,0,2,-0.10463740114712752,0,0,-0.5965511929419365,True,False,True
885,0,3,-0.33518693111100106,0,0,-0.7091075709338859,True,False,True
886,0,3,0.7407108753870755,0,5,0.043559506325256334,False,True,False
887,0,2,-0.1814872444684187,0,0,-0.5106302937114408,True,False,True
888,1,1,-0.7962859910387481,0,0,0.07363182105592982,False,False,True
889,0,3,-0.10463740114712752,1,2,-0.15148093492796888,False,False,True
890,1,1,-0.2583370877897099,0,0,0.07363182105592982,True,False,False
891,0,3,0.20276197213803718,0,0,-0.6910641820954817,True,True,False
